Date,Hour,State Library,Collins Place (South),Collins Place (North),Flagstaff Station,Melbourne Central,Town Hall (West),Bourke Street Mall (North),Bourke Street Mall (South),Australia on Collins,Southern Cross Station,Victoria Point,New Quay,Waterfront City,Webb Bridge,Princes Bridge,Flinders St Station Underpass,Sandridge Bridge,Birrarung Marr,QV Market-Elizabeth (West),Flinders St-Elizabeth St (East),Spencer St-Collins St (North),Spencer St-Collins St (South),Bourke St-Russell St (West),Convention/Exhibition Centre,Chinatown-Swanston St (North),Chinatown-Lt Bourke St (South),QV Market-Peel St,Vic Arts Centre,Lonsdale St (South),Lygon St (West),Flinders St-Spring St (West),Flinders St-Spark Lane,Alfred Place
01/12/2014,0,85,19,15,22,322,259,0,70,0,21,16,32,9,12,168,188,94,0,113,228,68,33,205,59,143,0,23,57,207,155,8,8,7
01/12/2014,1,38,8,2,20,144,103,0,26,0,9,4,15,7,6,53,97,36,0,54,92,31,17,94,19,59,0,17,18,180,68,2,11,3
01/12/2014,2,42,9,4,7,89,69,0,31,0,3,1,12,0,2,31,51,15,0,47,43,34,18,66,18,43,0,3,18,110,26,3,4,4
01/12/2014,3,40,6,4,11,42,47,0,15,0,2,1,12,0,0,39,20,18,0,35,32,17,22,46,6,37,0,3,29,173,17,7,2,11
01/12/2014,4,13,12,6,9,45,73,0,8,0,2,2,5,1,1,54,25,27,0,21,37,23,5,54,14,30,0,1,47,152,8,3,3,0
01/12/2014,5,25,43,21,108,68,83,0,18,0,32,13,17,3,17,103,90,82,0,25,127,162,30,32,57,20,0,7,111,23,8,9,13,13
01/12/2014,6,77,187,173,532,202,194,0,68,0,339,71,88,12,98,307,275,203,0,89,525,655,139,78,228,33,0,14,295,43,31,60,42,55
01/12/2014,7,258,786,777,2361,488,509,0,246,0,1362,263,271,42,260,855,1155,508,0,235,1348,1729,388,148,479,88,0,68,844,132,72,240,118,192
01/12/2014,8,622,1897,1794,5577,846,1097,0,695,0,2768,444,409,39,379,1618,2374,1153,0,413,2594,3533,970,277,1371,284,0,135,1765,307,215,393,258,439
01/12/2014,9,499,1164,835,2614,757,1411,0,865,0,1262,229,191,43,177,870,1192,486,0,418,1714,1964,558,269,396,233,0,110,745,296,198,246,168,347
01/12/2014,10,548,721,423,926,1022,2042,0,1468,0,410,213,150,39,115,893,827,372,0,477,1632,1227,390,353,377,377,0,104,661,474,265,108,109,290
01/12/2014,11,837,625,404,774,1335,2721,0,2071,0,388,184,153,32,127,1026,1069,472,0,607,2024,1443,425,448,1151,518,0,169,850,510,271,133,143,293
01/12/2014,12,1684,1603,616,1158,2377,3874,0,3452,0,987,381,367,89,487,1540,1845,641,0,1061,2760,1869,616,960,771,1030,0,164,1301,1032,434,238,221,855
01/12/2014,13,1750,1608,640,1556,2525,4129,0,4058,0,890,257,475,133,548,1519,1981,621,0,954,3166,1802,660,1247,798,1116,0,150,1352,1040,519,259,354,775
01/12/2014,14,1438,787,508,1024,2225,3387,0,2715,0,531,160,210,51,220,1433,1412,446,0,706,2650,1394,378,844,758,1008,0,138,1223,656,381,151,203,359
01/12/2014,15,1460,665,592,1209,2208,3358,0,2668,0,647,194,234,54,175,1510,1375,507,0,681,2788,1728,399,796,695,988,0,185,1281,624,495,174,167,304
01/12/2014,16,1519,714,935,2462,2305,3127,0,2339,0,1494,341,261,62,232,1884,1500,719,0,654,3117,2399,520,759,868,963,0,121,1681,600,324,282,233,279
01/12/2014,17,1942,1196,1728,4250,2475,3421,0,2303,0,2503,537,361,81,523,3006,2477,1441,0,649,3862,3651,688,990,1181,1004,0,186,2584,706,403,398,349,379
01/12/2014,18,1467,712,902,1740,2232,2689,0,1734,0,982,367,435,93,336,2262,1680,942,0,529,2829,1885,435,936,1274,987,0,149,2110,734,434,210,234,262
01/12/2014,19,1303,359,301,626,1827,1880,0,872,0,326,140,283,90,189,1198,1123,538,0,372,2072,976,224,755,843,1227,0,128,807,723,597,122,128,164
01/12/2014,20,976,254,153,271,1517,1511,0,708,0,126,101,271,66,131,1380,866,398,0,355,1509,641,166,682,298,1410,0,133,1031,627,839,71,116,94
01/12/2014,21,694,223,105,194,1447,1720,0,472,0,119,94,151,39,54,952,810,262,0,301,1345,476,140,517,223,1132,0,100,530,515,625,32,74,85
01/12/2014,22,469,145,78,113,1251,1002,0,244,0,43,29,103,22,39,818,528,257,0,226,806,259,107,469,474,700,0,44,458,442,375,43,60,88
01/12/2014,23,243,93,59,74,564,431,0,144,0,33,12,73,16,23,329,386,281,0,127,527,253,79,238,598,335,0,24,119,274,156,17,29,37
02/12/2014,0,84,30,11,31,237,144,0,57,0,12,6,28,4,4,118,117,66,0,109,230,48,32,154,62,132,0,34,54,169,29,12,22,13
02/12/2014,1,59,13,9,12,108,60,0,15,0,4,0,14,1,3,49,60,25,0,60,52,10,3,107,19,72,0,13,22,89,41,5,6,9
02/12/2014,2,21,11,4,14,39,43,0,9,0,6,4,4,0,0,24,30,13,0,26,28,14,1,67,5,21,0,9,12,31,5,1,10,5
02/12/2014,3,11,10,2,13,39,24,0,21,0,3,0,1,1,1,27,11,7,0,23,24,6,9,28,4,14,0,2,36,39,5,0,3,2
02/12/2014,4,13,9,3,6,16,28,0,6,0,4,4,5,0,0,38,27,34,0,16,55,7,2,48,10,7,0,2,44,33,7,3,4,8
02/12/2014,5,22,36,16,99,51,68,0,27,0,42,18,19,5,26,105,107,87,0,64,130,153,20,17,68,13,0,5,101,14,5,12,21,5
02/12/2014,6,69,193,175,736,213,207,0,86,0,430,93,121,16,160,327,494,297,0,200,588,765,169,94,293,34,0,31,430,57,34,67,66,76
02/12/2014,7,358,815,824,2328,458,564,0,289,0,1406,289,285,45,291,936,1266,601,0,323,1403,1965,519,167,711,111,0,86,940,131,101,244,158,240
02/12/2014,8,737,1955,1672,5316,897,1124,0,694,0,2878,499,418,56,448,1630,2505,1198,0,622,2656,3635,992,277,919,227,0,182,1476,331,213,392,280,478
02/12/2014,9,580,1124,908,2623,800,1376,0,846,0,1395,244,268,28,192,999,1148,527,0,678,1801,1979,597,256,393,198,0,158,975,267,172,283,236,406
02/12/2014,10,688,708,509,1029,1044,1964,0,1379,0,486,228,182,40,150,1135,823,395,0,905,1804,1415,447,349,392,360,0,238,846,413,280,157,174,348
02/12/2014,11,1132,645,452,936,801,2709,0,2291,0,425,194,174,59,187,1226,1031,512,0,1306,2089,1253,474,536,431,552,0,290,908,540,269,174,203,285
02/12/2014,12,1645,1586,743,1389,2272,3861,0,3699,0,919,497,444,118,588,1770,1959,701,0,1987,2898,1936,718,1060,836,1083,0,344,1420,1180,498,305,363,882
02/12/2014,13,1707,1536,718,1472,2542,4141,0,4196,0,876,297,503,173,560,1634,2101,671,0,1851,3245,1841,703,1163,777,1155,0,308,1334,1055,466,263,413,835
02/12/2014,14,1444,871,535,965,2459,3593,0,3263,0,480,246,363,86,204,1651,1430,619,0,1116,2841,1492,414,801,694,872,0,211,1196,676,432,227,248,376
02/12/2014,15,1591,592,542,1281,2386,3439,0,2894,0,681,273,239,45,179,1461,1297,601,0,774,2733,1851,471,743,777,879,0,163,1147,629,452,203,196,255
02/12/2014,16,1791,748,1069,2387,2421,3214,0,2557,0,1541,462,324,71,266,1742,1600,753,0,677,3262,2610,621,817,805,868,0,142,1443,639,281,313,226,268
02/12/2014,17,2042,1249,1704,4146,2574,3477,0,2639,0,2415,573,474,97,576,2809,2683,1605,0,617,3791,3617,728,997,1278,939,0,209,2392,827,452,453,377,364
02/12/2014,18,1644,868,913,1805,2380,3097,0,1834,0,1353,443,414,93,395,2664,1660,961,0,540,2864,2132,454,976,1068,1044,0,139,2628,827,402,231,265,260
02/12/2014,19,1257,442,335,624,1970,2106,0,1049,0,401,168,283,51,199,1476,1140,610,0,390,2006,991,268,823,548,1242,0,113,1827,619,651,115,206,185
02/12/2014,20,1082,299,171,332,1749,1595,0,745,0,166,124,231,49,145,1138,932,383,0,409,1679,615,185,768,302,1428,0,113,845,680,693,63,140,92
02/12/2014,21,784,250,153,240,1675,1820,0,535,0,108,75,167,49,90,981,732,377,0,278,1369,453,165,647,257,1195,0,86,588,567,632,64,116,89
02/12/2014,22,447,139,71,154,1250,1147,0,270,0,67,59,104,16,44,1561,551,292,0,258,955,307,177,468,249,767,0,62,1897,463,433,39,99,119
02/12/2014,23,200,92,57,72,696,460,0,137,0,42,16,105,24,13,387,342,210,0,160,601,176,39,280,106,334,0,27,268,346,222,16,44,66
03/12/2014,0,123,31,20,46,264,202,0,60,0,14,23,12,4,14,131,168,84,0,92,259,87,33,179,34,113,0,16,86,154,84,11,13,39
03/12/2014,1,57,21,8,9,119,72,0,34,0,7,4,7,2,6,71,49,8,0,73,74,21,13,92,15,47,0,9,35,96,22,7,9,15
03/12/2014,2,30,2,7,13,51,41,0,17,0,4,2,13,0,5,37,44,20,0,52,56,12,15,50,7,39,0,9,11,90,4,1,4,4
03/12/2014,3,13,7,4,2,38,47,0,10,0,1,3,7,0,0,42,26,22,0,38,37,1,6,59,7,12,0,3,36,17,15,0,2,0
03/12/2014,4,10,16,0,9,37,40,0,14,0,5,5,2,0,1,34,6,26,0,21,33,19,3,39,3,11,0,5,50,37,12,4,3,5
03/12/2014,5,24,39,23,97,74,62,0,25,0,44,21,12,3,30,105,120,102,0,36,128,190,26,34,54,12,0,3,118,14,12,10,18,21
03/12/2014,6,78,230,190,731,186,223,0,75,0,422,107,111,20,131,331,498,274,0,148,565,793,142,72,282,33,0,26,348,59,37,86,63,72
03/12/2014,7,249,706,736,2291,404,541,0,314,0,1398,308,237,36,264,884,1236,578,0,227,1331,1814,515,147,559,91,0,72,801,129,98,217,152,237
03/12/2014,8,744,2065,1811,5250,969,1242,0,689,0,3056,490,394,51,410,1691,2453,1223,0,417,2666,3761,1011,326,774,244,0,165,1637,290,230,424,302,540
03/12/2014,9,597,1113,855,2669,838,1454,0,931,0,1334,369,187,17,178,1047,1298,543,0,510,1815,1951,596,336,401,194,0,120,758,288,171,255,149,363
03/12/2014,10,773,787,516,986,1107,2012,0,1437,0,465,147,175,52,123,1181,827,336,0,572,1611,1384,381,397,531,406,0,129,927,402,291,155,178,306
03/12/2014,11,1107,639,465,835,1528,2758,0,2331,0,450,173,202,33,129,1640,1232,574,0,689,2060,1274,434,545,515,569,0,148,1343,540,232,174,158,290
03/12/2014,12,1700,1398,671,1228,2439,3811,0,3499,0,954,405,496,200,466,2126,1876,728,0,1111,2666,1882,568,1043,742,1144,0,226,1788,1132,519,222,205,905
03/12/2014,13,1658,1375,559,1213,2436,4034,0,3850,0,869,357,244,48,337,1617,1783,476,0,1015,2953,1860,596,1020,611,1043,0,165,1194,1002,586,229,300,839
03/12/2014,14,1573,735,453,1000,2278,3454,0,3044,0,554,216,240,60,203,1768,1289,511,0,720,2597,1460,420,783,665,793,0,161,1420,820,366,166,183,388
03/12/2014,15,1516,615,499,1317,2184,3414,0,2720,0,712,236,210,21,191,1672,1259,676,0,681,2716,1934,364,745,679,753,0,151,1395,712,389,147,178,263
03/12/2014,16,1689,788,915,2273,2394,3329,0,2570,0,1523,330,212,43,263,1874,1538,782,0,702,2812,2562,593,708,900,835,0,161,1550,697,259,322,246,277
03/12/2014,17,2068,1174,1540,3959,2522,3431,0,2610,0,2292,539,418,54,497,2708,2639,1559,0,1246,3808,3631,750,1007,1217,945,0,227,2378,847,374,397,308,418
03/12/2014,18,1614,702,852,1887,2376,2987,0,2060,0,1024,260,363,55,348,2127,1719,971,0,1583,3069,2066,456,991,894,1054,0,277,2038,851,422,218,254,353
03/12/2014,19,1277,375,342,703,1921,1993,0,1218,0,334,142,279,57,138,1255,1149,525,0,1708,2139,958,180,841,687,1405,0,389,1703,765,459,81,165,154
03/12/2014,20,1023,278,188,346,1836,1655,0,832,0,172,98,276,44,95,1020,895,445,0,1603,1849,616,136,691,323,1423,0,416,668,569,633,65,119,133
03/12/2014,21,652,233,125,300,1403,1887,0,774,0,88,45,79,15,56,957,786,273,0,1131,1340,501,213,564,118,1084,0,458,1008,549,448,57,113,139
03/12/2014,22,342,131,66,172,884,754,0,277,0,63,37,12,0,34,716,478,204,0,572,949,314,116,415,61,693,0,212,734,420,210,46,58,71
03/12/2014,23,160,64,33,88,486,374,0,89,0,21,22,36,4,21,224,258,179,0,173,514,169,53,233,87,311,0,57,152,219,109,14,27,96
04/12/2014,0,92,30,8,47,203,175,0,71,0,12,4,6,0,10,100,155,81,0,114,226,68,53,193,29,122,0,21,63,168,41,14,32,18
04/12/2014,1,34,14,6,16,99,72,0,37,0,3,5,10,1,3,49,57,14,0,75,86,10,5,160,19,79,0,22,26,70,31,6,8,15
04/12/2014,2,24,7,0,7,54,140,0,11,0,4,4,6,0,0,23,37,16,0,54,42,16,14,81,3,33,0,5,12,68,17,0,6,10
04/12/2014,3,9,9,2,4,35,79,0,39,0,2,1,0,0,0,34,11,14,0,37,31,12,1,36,79,11,0,1,38,17,5,2,2,19
04/12/2014,4,13,8,5,7,34,44,0,11,0,5,3,7,1,2,28,21,27,0,33,31,18,4,54,40,14,0,1,30,42,6,5,3,5
04/12/2014,5,22,34,28,106,60,58,0,19,0,44,16,11,0,25,105,88,72,0,62,136,150,25,17,49,5,0,7,108,25,9,15,19,7
04/12/2014,6,70,206,174,616,187,201,0,81,0,435,100,87,10,113,306,537,265,0,180,546,757,127,102,240,24,0,36,287,50,39,76,66,98
04/12/2014,7,280,724,766,2169,463,569,0,268,0,1475,301,245,35,252,908,1215,556,0,291,1365,1929,432,122,527,92,0,83,767,130,90,238,128,220
04/12/2014,8,898,1760,1731,5122,954,1172,0,655,0,2708,526,393,53,401,1545,2335,1165,0,628,2649,3607,905,285,863,243,0,142,1602,357,194,408,272,551
04/12/2014,9,659,1079,873,2542,802,1444,0,922,0,1424,299,266,109,178,1011,1378,555,0,674,1793,2017,593,297,522,186,0,115,873,310,160,217,164,396
04/12/2014,10,1098,637,436,1025,1030,2082,0,1714,0,531,205,243,63,120,1154,851,433,0,925,1679,1388,509,419,456,364,0,198,899,421,254,147,145,317
04/12/2014,11,1246,678,426,859,741,2678,0,2292,0,456,215,270,72,146,1297,986,399,0,1154,2093,1348,404,567,561,614,0,258,916,628,264,141,164,348
04/12/2014,12,1518,1617,658,1255,2256,3939,0,3872,0,1030,474,501,132,658,1528,2015,587,0,1911,2963,2008,687,1019,799,1078,0,308,1386,1106,510,251,358,886
04/12/2014,13,1605,1589,703,1483,2700,4402,0,4513,0,1023,353,477,178,548,1743,2093,683,0,1769,3310,1954,731,1068,930,1234,0,303,1484,1011,496,258,386,925
04/12/2014,14,1448,849,479,1021,2403,3644,0,3315,0,639,187,247,52,255,1668,1505,586,0,1190,2750,1469,555,838,792,998,0,219,1289,736,346,191,226,415
04/12/2014,15,1520,640,557,1247,2396,3429,0,3090,0,771,223,299,104,189,1633,1473,650,0,868,2824,2015,460,753,805,918,0,162,1365,664,502,174,174,306
04/12/2014,16,1718,756,1054,2319,2404,3578,0,3201,0,1424,438,334,50,278,1901,1749,852,0,724,3124,2730,582,814,953,783,0,189,1402,706,321,331,251,321
04/12/2014,17,1947,1226,1638,3820,2714,3895,0,3352,0,2234,540,468,102,550,2835,2967,1425,0,696,3799,3546,792,1166,1392,1058,0,183,2314,935,415,379,353,400
04/12/2014,18,1873,827,793,1659,2753,3367,0,2652,0,931,378,410,111,349,2392,1875,1068,0,562,3213,2065,385,1023,1185,1284,0,181,1821,937,545,247,314,337
04/12/2014,19,1357,463,348,727,2318,2444,0,1892,0,342,148,334,89,178,1630,1294,635,0,436,2371,1056,181,1056,622,1268,0,116,1597,883,609,117,245,185
04/12/2014,20,1270,280,223,340,2138,2061,0,1435,0,151,111,253,58,148,1258,1067,481,0,434,2088,680,182,929,457,1127,0,144,586,827,783,70,228,98
04/12/2014,21,915,260,139,283,2087,2653,0,822,0,134,99,266,47,89,1291,957,384,0,379,1841,504,163,741,399,883,0,129,649,849,921,63,84,91
04/12/2014,22,746,194,102,167,1560,1909,0,518,0,84,56,174,57,70,1205,714,329,0,273,1205,342,106,618,310,639,0,68,778,572,616,71,118,130
04/12/2014,23,384,126,80,117,983,1087,0,273,0,74,36,119,18,30,683,505,275,0,192,891,255,77,546,211,351,0,42,294,430,220,77,229,137
05/12/2014,0,201,58,28,32,504,785,0,116,0,30,13,72,26,18,199,227,105,0,133,437,81,65,335,108,172,0,39,106,313,98,24,36,30
05/12/2014,1,85,51,18,16,263,198,0,56,0,10,4,3,0,4,75,136,38,0,87,154,21,34,220,45,123,0,22,25,192,50,5,26,16
05/12/2014,2,53,27,10,11,171,207,0,31,0,5,5,16,0,4,60,65,20,0,36,67,24,21,170,19,82,0,14,32,99,28,7,15,15
05/12/2014,3,16,16,12,7,98,154,0,25,0,1,0,6,0,0,57,44,14,0,33,61,17,15,131,15,28,0,6,35,126,6,2,13,0
05/12/2014,4,32,10,45,11,36,49,0,22,0,4,2,3,0,2,39,26,35,0,27,47,33,17,77,23,29,0,6,29,91,8,2,8,8
05/12/2014,5,19,35,103,88,73,76,0,27,0,42,18,24,3,18,104,118,89,0,73,111,154,32,60,39,18,0,8,105,44,10,10,22,46
05/12/2014,6,55,194,168,615,188,202,0,69,0,413,99,87,11,111,312,502,259,0,251,562,715,145,84,233,44,0,44,299,74,32,56,79,120
05/12/2014,7,256,740,743,2141,430,535,0,275,0,1341,270,197,25,215,841,1111,499,0,349,1281,1762,419,140,458,110,0,84,671,149,87,198,118,210
05/12/2014,8,708,1763,1694,5094,924,1129,0,686,0,2803,435,365,53,339,1560,2414,1209,0,594,2388,3558,895,283,761,235,0,190,1416,295,230,366,229,511
05/12/2014,9,531,1180,966,2417,916,1455,0,998,0,1376,314,230,37,158,1057,1447,536,0,769,1827,1943,601,296,546,248,0,160,853,319,198,266,191,494
05/12/2014,10,896,779,453,1505,1184,2206,0,1759,0,511,261,213,48,144,1020,1058,390,0,970,1699,1478,414,389,619,447,0,212,882,436,198,168,201,402
05/12/2014,11,1059,698,466,1019,1694,3032,0,2948,0,513,223,278,51,171,1460,1374,478,0,1248,2100,1405,485,656,684,596,0,295,1007,543,233,133,159,363
05/12/2014,12,1720,1491,633,1282,2539,3883,0,3906,0,1162,464,574,91,663,1903,2170,666,0,1880,2806,2079,661,1239,1020,1052,0,335,1332,1168,492,226,290,955
05/12/2014,13,1773,1345,613,1386,2562,4327,0,4416,0,1010,304,555,115,628,2037,2136,641,0,1865,2956,1930,630,1164,980,1107,0,302,1352,1176,532,192,282,811
05/12/2014,14,1730,812,542,992,2390,3760,0,3443,0,635,204,346,63,331,1687,1824,692,0,1357,2850,1695,495,874,1042,1002,0,238,1129,858,495,142,188,524
05/12/2014,15,1648,740,573,1270,2526,3712,0,3420,0,786,237,354,80,302,1819,1705,837,0,1293,3095,1901,556,871,1142,944,0,185,1259,816,457,127,200,331
05/12/2014,16,1807,952,985,2165,2612,3845,0,3371,0,1549,350,437,84,422,2020,1973,1013,0,979,3326,2629,584,853,1265,900,0,199,1437,881,348,271,284,377
05/12/2014,17,2144,1136,1344,3169,2888,4158,0,3629,0,1858,453,534,152,600,2982,2747,1454,0,685,3904,3222,718,1238,1601,1094,0,184,2362,1068,469,307,320,477
05/12/2014,18,1770,790,610,1332,2716,3559,0,2768,0,684,278,570,124,281,2658,2046,885,0,616,3177,1890,378,1183,1299,1337,0,158,2143,1058,556,211,277,394
05/12/2014,19,1599,498,296,506,2579,2955,0,1928,0,341,203,456,98,171,2155,1577,692,0,493,2393,1037,196,1026,958,1309,0,131,2080,1111,770,114,229,372
05/12/2014,20,1347,362,179,317,2504,2706,0,1922,0,172,139,388,90,119,1546,1326,568,0,426,2160,737,185,1126,706,1318,0,121,892,1072,772,82,194,176
05/12/2014,21,1267,350,154,234,2701,3353,0,1452,0,173,113,251,84,116,1878,1310,575,0,429,2043,708,182,1001,792,1113,0,120,1198,991,938,75,106,216
05/12/2014,22,970,280,170,189,2342,2282,0,762,0,130,128,300,53,111,2064,1014,515,0,295,1550,571,205,942,556,883,0,101,1618,982,816,75,136,139
05/12/2014,23,752,333,157,202,1667,1386,0,453,0,103,144,220,53,58,1091,929,538,0,281,1272,548,172,832,603,693,0,57,612,876,486,69,134,131
06/12/2014,0,388,224,141,115,1064,937,0,294,0,124,165,109,14,27,724,641,417,0,217,1066,366,178,764,530,437,0,50,308,648,278,56,84,65
06/12/2014,1,260,98,82,57,721,599,0,246,0,44,58,44,12,13,527,370,160,0,181,585,145,107,702,313,239,0,62,187,562,174,23,86,65
06/12/2014,2,166,52,37,33,339,380,0,189,0,21,12,18,0,15,371,241,113,0,136,358,48,43,631,105,161,0,32,208,346,95,7,30,43
06/12/2014,3,91,19,17,22,254,227,0,73,0,14,14,9,2,7,130,116,53,0,83,201,24,50,337,48,140,0,8,64,292,38,3,26,9
06/12/2014,4,54,8,7,18,79,118,0,56,0,7,0,9,0,1,65,62,39,0,40,96,29,38,199,25,39,32,5,36,93,26,3,12,33
06/12/2014,5,31,16,13,10,44,116,0,31,0,14,11,10,0,3,46,58,54,0,77,111,65,16,150,31,13,34,11,38,59,17,3,6,23
06/12/2014,6,42,70,15,12,84,92,0,43,0,53,22,17,7,19,78,87,108,0,162,224,209,26,137,77,26,28,37,66,61,21,18,62,38
06/12/2014,7,101,101,28,27,253,249,0,115,0,91,28,31,9,38,146,220,147,0,283,396,440,72,100,321,61,28,90,97,66,21,43,64,99
06/12/2014,8,216,108,105,76,393,499,0,311,0,101,73,72,17,57,285,294,191,0,508,713,561,131,79,327,92,66,156,247,117,78,54,83,115
06/12/2014,9,282,188,151,139,689,1259,0,1095,0,133,67,173,31,68,630,678,254,0,1081,1156,742,182,225,429,196,121,236,677,292,118,71,53,165
06/12/2014,10,616,211,143,140,1021,1941,0,1895,0,46,63,217,49,121,1068,1015,419,0,1715,1705,819,246,350,712,346,275,353,978,412,173,63,31,191
06/12/2014,11,861,295,156,179,1485,2892,0,2771,0,54,76,330,92,168,1552,1180,459,0,2208,2097,1032,181,562,991,670,477,366,1364,600,256,81,4,143
06/12/2014,12,1238,330,152,140,2203,3370,0,3563,0,175,92,358,94,181,1891,1487,564,0,2468,2455,944,160,853,1167,1150,0,404,1968,774,378,74,138,163
06/12/2014,13,1552,370,192,170,2597,4020,0,3935,0,181,60,431,88,181,1992,1554,631,0,2564,2702,916,235,885,1388,1256,0,436,2059,876,432,123,210,137
06/12/2014,14,1760,381,186,142,2702,3925,0,4233,0,230,109,433,127,170,2021,1597,718,0,2013,2766,960,278,990,1522,1100,0,403,1793,922,553,101,187,169
06/12/2014,15,1762,357,161,163,2681,3871,0,4435,0,173,104,544,174,225,2425,1820,754,0,1409,2938,1015,290,954,1598,1177,0,352,2318,910,512,99,183,207
06/12/2014,16,1642,373,174,100,2555,3845,0,4020,0,160,82,503,189,204,2268,1644,728,0,911,2804,991,274,906,1556,1010,0,219,2149,905,426,108,192,209
06/12/2014,17,1711,424,180,115,2420,3398,0,3276,0,148,127,445,203,166,2159,1689,773,0,518,2663,894,281,993,1381,1211,0,157,1724,899,567,100,225,231
06/12/2014,18,1436,423,161,113,2414,2905,0,2271,0,187,163,659,312,187,2140,1739,689,0,410,2366,825,212,977,1143,1285,875,163,1743,909,630,96,257,293
06/12/2014,19,1249,456,220,116,2292,2613,0,1786,0,113,143,741,321,112,2171,1550,607,0,388,2019,518,193,1076,716,1384,1130,134,1915,1088,865,110,224,271
06/12/2014,20,1327,310,101,76,1982,2613,0,1734,0,88,67,505,255,108,1599,1323,512,0,415,1663,445,156,1085,528,1212,1070,140,894,1072,1059,66,140,165
06/12/2014,21,1009,223,136,74,2210,3536,0,1523,0,100,101,329,189,85,1399,1276,501,0,310,1631,516,205,972,478,1060,793,97,527,977,1120,46,132,157
06/12/2014,22,956,195,125,112,1926,2480,0,885,0,128,75,288,105,76,1908,1026,500,0,339,1598,786,231,1004,465,854,892,99,1702,1018,885,43,140,137
06/12/2014,23,723,197,119,90,1671,1553,0,528,0,91,155,233,42,37,1322,880,457,0,327,1439,533,148,1012,347,607,733,73,522,1005,601,150,349,126
07/12/2014,0,358,212,82,88,1047,1074,0,329,0,56,101,92,13,27,703,645,304,0,221,835,376,202,830,318,472,509,61,379,943,342,65,169,96
07/12/2014,1,172,81,49,37,617,596,0,169,0,36,20,17,2,11,380,353,147,0,155,493,165,100,814,169,285,409,61,149,799,162,21,56,48
07/12/2014,2,65,43,30,30,367,375,0,192,0,11,15,1,0,5,319,229,87,0,156,479,110,69,741,104,121,255,36,123,623,74,4,18,24
07/12/2014,3,44,10,14,43,227,269,0,124,0,12,8,5,0,6,176,131,53,0,82,322,27,62,592,31,103,133,20,52,455,25,2,20,14
07/12/2014,4,17,18,5,16,51,161,0,74,0,4,5,10,0,2,49,61,18,0,60,137,64,39,439,11,20,58,7,34,272,37,1,12,16
07/12/2014,5,18,10,3,5,54,130,0,33,0,2,3,8,0,1,36,39,22,0,41,69,27,37,165,23,40,8,3,59,112,9,6,5,34
07/12/2014,6,33,31,13,10,61,75,0,45,0,11,12,3,2,13,59,56,50,0,52,120,64,23,82,63,21,23,10,105,76,9,14,42,19
07/12/2014,7,57,55,20,22,141,193,0,97,0,35,21,20,1,32,109,122,81,0,128,236,212,54,62,66,26,12,30,90,145,17,22,19,30
07/12/2014,8,104,132,33,53,331,409,0,256,0,63,25,32,11,32,245,223,163,0,311,473,471,113,92,52,132,31,99,267,130,29,30,39,74
07/12/2014,9,202,172,87,73,412,755,0,617,0,83,28,58,19,32,552,478,213,0,656,781,553,131,132,192,180,104,212,553,207,76,52,79,102
07/12/2014,10,429,152,81,107,786,1544,0,1478,0,82,72,129,10,71,881,728,451,0,990,1190,686,195,268,359,344,220,234,882,388,157,54,91,128
07/12/2014,11,788,235,120,81,1301,2353,0,2518,0,99,72,243,34,116,1350,1089,489,0,1375,1692,828,190,495,555,681,383,321,1548,551,260,62,112,128
07/12/2014,12,878,390,167,108,1524,2834,0,3068,0,98,48,127,28,120,1609,1143,449,0,1477,1903,894,161,615,482,952,606,495,1614,823,361,103,124,119
07/12/2014,13,1193,280,131,103,2104,3106,0,3352,0,103,56,235,38,111,1877,1259,514,0,1709,2128,758,136,805,761,1080,785,381,1882,907,395,80,147,127
07/12/2014,14,1484,288,132,112,2196,3278,0,3741,0,125,77,268,55,140,2170,1399,624,0,1652,2357,885,254,904,896,1082,673,357,2164,946,413,121,165,124
07/12/2014,15,1489,311,202,108,2233,3402,0,3979,0,111,91,300,62,185,2374,1526,766,0,1408,2559,828,196,939,1028,1024,643,288,2748,910,663,72,144,112
07/12/2014,16,1379,277,138,100,2119,3055,0,3283,0,71,59,273,78,177,1670,1436,638,0,867,2600,788,203,871,978,1104,495,169,1574,845,549,95,232,122
07/12/2014,17,1441,261,167,87,2068,2776,0,2613,0,133,68,334,127,153,1529,1368,603,0,501,2283,717,228,959,741,1100,605,140,1316,759,629,98,144,135
07/12/2014,18,1038,302,101,84,1901,2034,0,1630,0,136,81,252,54,87,1502,1020,494,0,392,1908,553,176,787,715,1138,828,116,1779,785,717,110,216,141
07/12/2014,19,842,268,80,78,1764,1620,0,931,0,79,57,217,63,69,963,813,346,0,297,1544,471,89,855,372,1076,1064,71,749,742,661,79,171,75
07/12/2014,20,862,202,63,49,1530,1591,0,804,0,65,60,180,36,47,812,726,340,0,298,1396,392,126,797,282,896,999,59,351,682,901,35,110,56
07/12/2014,21,737,126,55,72,1362,2013,0,597,0,87,65,159,45,52,821,733,332,0,300,1327,346,133,638,273,680,565,58,281,566,718,32,77,76
07/12/2014,22,432,87,52,51,1199,1307,0,268,0,74,38,125,19,27,788,547,266,0,270,1069,598,137,534,198,515,363,75,452,453,491,26,68,45
07/12/2014,23,222,84,36,51,861,877,0,227,0,45,36,82,10,15,606,430,208,0,206,883,316,109,568,131,306,354,39,239,884,354,106,238,49
08/12/2014,0,134,18,11,47,359,299,0,65,0,40,21,51,4,5,206,189,103,0,108,256,127,52,340,68,148,210,27,47,863,100,20,29,18
08/12/2014,1,75,11,12,30,143,106,0,36,0,5,22,31,3,7,83,86,44,0,62,79,36,33,168,111,71,29,12,67,513,45,5,8,16
08/12/2014,2,30,9,5,17,47,66,0,16,0,2,1,4,1,1,32,43,19,0,45,53,34,26,71,12,33,17,7,14,341,20,3,7,10
08/12/2014,3,24,10,1,14,45,57,0,28,0,0,0,6,0,3,57,30,23,0,29,40,10,12,84,13,21,10,4,30,186,9,1,3,8
08/12/2014,4,13,10,9,8,49,101,0,12,0,1,6,8,0,0,58,39,48,0,20,53,25,12,94,20,22,13,5,49,227,10,2,10,2
08/12/2014,5,27,44,17,103,51,88,0,24,0,38,13,21,10,14,98,95,89,0,37,199,168,21,69,53,18,14,7,86,214,16,14,23,35
08/12/2014,6,62,209,170,680,187,285,0,66,0,413,97,88,15,103,270,465,256,0,114,556,759,175,101,223,30,18,23,244,77,23,61,57,86
08/12/2014,7,263,741,792,2183,387,533,0,238,0,1310,275,207,26,238,831,1094,560,0,197,1181,1747,465,144,469,107,55,52,639,161,83,212,160,224
08/12/2014,8,787,1873,1714,5165,845,1268,0,619,0,2842,495,358,52,392,1992,2389,1290,0,448,2534,3530,976,306,708,201,145,145,1644,322,207,400,322,448
08/12/2014,9,533,1221,915,2673,869,1344,0,916,0,1327,299,226,35,152,1060,1332,486,0,549,1628,1969,508,318,459,227,151,87,806,270,183,294,194,403
08/12/2014,10,622,736,481,998,1153,2062,0,1832,0,452,216,169,37,113,1136,891,448,0,563,1822,1511,437,424,500,426,246,103,809,426,279,158,190,319
08/12/2014,11,974,659,445,849,1120,3091,0,2830,0,402,219,183,24,153,1372,1233,499,0,668,2274,1193,501,575,541,635,361,113,1001,575,266,209,269,321
08/12/2014,12,1543,1495,634,1239,2490,3978,0,4134,0,891,408,471,127,559,1769,2010,764,0,1111,3006,2026,688,1192,876,1116,780,153,1385,1140,518,237,275,860
08/12/2014,13,1782,1570,644,1330,2538,4107,0,4534,0,893,408,414,110,537,1762,1969,642,0,1036,3191,1963,742,1274,941,1196,324,162,1448,1088,559,266,309,924
08/12/2014,14,1570,798,460,996,2285,3654,0,3478,0,578,207,242,60,221,1622,1574,713,0,822,2733,1462,495,905,861,923,0,119,1355,713,392,211,250,400
08/12/2014,15,1575,675,537,1278,2382,3643,0,3219,0,666,174,282,77,197,1607,1535,620,0,600,2861,1816,449,915,939,948,0,125,1388,735,497,170,215,367
08/12/2014,16,1741,657,929,2220,2427,3413,0,2934,0,1464,370,367,74,267,1784,1690,815,0,624,3258,2530,574,870,1014,833,0,151,1615,687,356,266,240,359
08/12/2014,17,1995,1319,1802,4001,2570,3588,0,2773,0,2340,509,430,79,556,2604,2704,1546,0,649,3863,3691,701,1059,1298,1017,0,179,2359,793,392,467,368,387
08/12/2014,18,1578,813,900,1767,2360,2657,0,1970,0,984,369,420,112,345,2097,1839,1045,0,583,2976,2005,470,1047,1012,1095,645,154,2181,846,472,206,239,329
08/12/2014,19,1207,358,297,553,1794,1885,0,1250,0,301,147,288,66,146,1265,1193,547,0,441,2143,943,218,861,400,1126,727,118,1202,716,537,79,168,172
08/12/2014,20,1023,243,173,272,1546,1702,0,853,0,112,106,179,57,111,1150,891,444,0,385,1625,643,148,800,293,917,727,116,829,694,512,56,174,111
08/12/2014,21,761,186,112,214,1645,2115,0,653,0,112,56,145,29,65,1026,896,338,0,386,1328,468,145,684,217,728,659,84,597,552,531,43,93,109
08/12/2014,22,446,93,55,157,1206,1112,0,300,0,59,31,123,25,27,945,569,260,0,234,1003,247,95,435,156,460,381,69,1368,345,346,41,100,152
08/12/2014,23,203,97,34,62,620,418,0,109,0,22,18,63,8,12,374,293,208,0,151,518,162,67,264,100,204,246,26,247,183,157,23,49,58
09/12/2014,0,111,49,9,36,234,195,0,76,0,12,5,13,5,20,141,131,66,0,100,210,62,33,125,30,102,51,22,54,120,73,8,23,25
09/12/2014,1,48,20,9,20,110,79,0,24,0,7,2,9,0,5,53,41,20,0,60,50,21,30,111,30,75,44,14,23,86,16,2,6,16
09/12/2014,2,26,18,3,23,40,45,0,11,0,0,7,8,0,2,29,41,15,0,32,42,16,5,55,3,18,7,2,13,49,5,0,6,4
09/12/2014,3,15,15,5,9,20,36,0,12,0,0,0,5,4,0,36,31,12,0,22,26,10,10,47,3,16,9,5,37,45,13,2,1,7
09/12/2014,4,7,14,8,7,23,32,0,4,0,1,2,6,0,0,43,30,35,0,25,66,11,7,28,13,16,15,8,50,21,8,2,7,13
09/12/2014,5,15,49,18,102,49,65,0,18,0,49,11,12,2,22,120,110,97,0,72,171,177,30,26,55,15,12,7,105,14,7,10,24,27
09/12/2014,6,77,213,176,686,196,210,0,69,0,425,96,101,14,133,275,518,278,0,191,535,728,176,85,280,38,24,33,301,63,27,73,73,79
09/12/2014,7,290,768,782,2237,377,536,0,266,0,1367,279,261,38,270,843,1201,594,0,358,1309,1791,453,171,538,83,47,74,755,150,105,253,148,286
09/12/2014,8,698,1912,1804,5196,833,1253,0,626,0,2862,495,391,68,421,1558,2427,1233,0,646,2560,3684,1046,336,847,256,155,169,1489,316,198,452,284,545
09/12/2014,9,490,1166,1042,2534,766,1331,0,832,0,1437,271,203,40,156,895,1276,500,0,765,1764,1933,556,311,495,213,124,168,755,285,197,241,190,417
09/12/2014,10,695,676,501,1133,1100,2010,0,1617,0,501,218,173,29,148,926,906,382,0,939,1729,1509,508,363,460,350,232,176,854,418,229,151,168,315
09/12/2014,11,911,653,473,888,756,2882,0,2401,0,448,203,245,57,194,1287,1121,475,0,1160,2000,1249,504,564,528,532,398,263,918,635,363,176,227,318
09/12/2014,12,1587,1470,679,1316,2089,3956,0,4016,0,895,444,527,109,647,1639,2102,691,0,2076,3001,1945,806,1078,821,1168,746,343,1178,1061,507,256,348,856
09/12/2014,13,1820,1579,704,1471,2681,4300,0,4567,0,890,275,483,130,533,1698,2082,711,0,1914,3261,1947,783,1200,808,1226,736,303,1349,1172,577,281,314,753
09/12/2014,14,1549,781,549,965,2404,3803,0,3282,0,586,223,333,93,220,1503,1528,565,0,1093,2799,1557,461,847,794,974,470,216,1200,675,425,190,289,426
09/12/2014,15,1556,629,677,1237,2539,3445,0,3200,0,716,304,366,80,271,1641,1422,650,0,956,2874,1874,455,770,872,834,0,145,1312,627,584,219,210,299
09/12/2014,16,1762,742,945,2279,2342,3424,0,2834,0,1494,446,344,68,299,1841,1722,768,0,688,3136,2707,588,815,920,878,0,173,1575,631,360,330,247,333
09/12/2014,17,1944,1273,1712,4006,2547,3855,0,2776,0,2421,565,453,79,562,2771,2627,1548,0,673,3911,3719,722,1033,1336,969,0,193,2288,781,360,501,503,372
09/12/2014,18,1643,858,892,1724,2444,3010,0,2175,0,1067,329,375,67,385,2243,1796,977,0,525,3117,1959,441,990,1027,1134,0,170,2276,830,445,239,275,338
09/12/2014,19,1219,448,292,628,1943,2142,0,1292,0,357,169,378,84,193,1372,1193,530,0,427,2228,1056,246,916,505,1038,0,100,1580,821,737,87,184,147
09/12/2014,20,1010,291,203,299,1779,1998,0,1057,0,188,120,246,56,100,1241,980,408,0,391,1762,678,179,910,374,892,555,103,819,604,691,92,161,155
09/12/2014,21,784,230,163,258,1704,2457,0,748,0,121,59,181,48,88,980,960,419,0,279,1425,501,210,733,293,700,510,91,632,527,736,58,140,90
09/12/2014,22,549,167,115,132,1326,1370,0,377,0,63,31,125,35,47,1158,643,300,0,237,1042,297,125,556,185,481,473,62,1789,447,418,49,87,114
09/12/2014,23,253,96,43,71,718,546,0,154,0,55,49,44,10,15,394,349,197,0,156,578,226,76,375,157,224,222,32,200,265,226,29,65,49
10/12/2014,0,153,26,17,33,282,223,0,78,0,14,19,23,1,11,148,154,78,0,104,272,55,13,255,97,130,85,23,68,150,82,6,14,42
10/12/2014,1,70,23,9,15,139,113,0,42,0,2,2,12,3,4,60,108,29,0,58,82,25,9,130,28,71,33,11,40,82,29,4,6,10
10/12/2014,2,34,9,4,11,50,47,0,15,0,1,1,3,2,2,30,41,23,0,36,33,7,7,77,12,34,15,12,7,33,33,4,1,15
10/12/2014,3,15,6,6,3,19,26,0,11,0,3,1,4,0,0,42,33,15,0,26,34,14,6,55,12,24,24,6,48,28,9,2,0,4
10/12/2014,4,21,8,4,6,30,47,0,18,0,1,0,8,0,3,39,19,32,0,25,49,20,1,93,5,12,6,4,54,34,12,3,5,15
10/12/2014,5,15,46,20,83,45,71,0,27,0,47,14,14,4,22,116,129,93,0,36,136,178,40,29,68,12,9,3,138,14,7,18,26,9
10/12/2014,6,79,224,203,681,197,207,0,93,0,401,101,82,13,125,275,487,266,0,106,534,750,147,109,234,37,24,20,334,76,22,79,60,90
10/12/2014,7,294,731,748,2268,406,530,0,261,0,1371,313,257,22,291,806,1118,548,0,246,1352,1847,467,172,539,75,64,66,829,128,80,200,135,239
10/12/2014,8,663,2086,1834,5106,865,1145,0,717,0,2913,520,382,62,380,1679,2375,1232,0,472,2473,3583,1025,291,744,252,139,148,1601,292,195,438,247,534
10/12/2014,9,590,1285,834,2398,952,1483,0,938,0,1298,291,242,19,187,1131,1386,566,0,472,1842,2015,569,303,525,227,138,91,936,292,223,300,229,444
10/12/2014,10,715,743,468,1014,1388,2175,0,1703,0,556,182,174,28,121,1035,905,334,0,588,1823,1621,412,347,391,391,268,125,841,367,272,132,204,292
10/12/2014,11,978,720,496,817,1699,3136,0,2650,0,475,228,262,59,187,1465,1194,490,0,651,1953,1405,390,550,469,579,378,145,1160,578,231,201,266,291
10/12/2014,12,1563,1482,792,1185,2535,4057,0,4045,0,992,482,468,140,667,1955,2105,716,0,1137,2887,1961,674,1173,826,1071,813,191,1622,1211,462,258,319,873
10/12/2014,13,1874,1472,676,1350,2722,4288,0,4662,0,876,400,450,103,620,1631,2069,733,0,1046,3039,1882,647,1201,871,1163,800,199,1249,1125,460,261,386,816
10/12/2014,14,1703,865,525,968,2509,3934,0,3551,0,622,189,287,51,262,1945,1580,603,0,892,2965,1454,445,938,846,947,593,145,1551,813,452,163,258,446
10/12/2014,15,1642,703,561,1189,2370,3833,0,3284,0,742,207,307,95,280,1680,1539,699,0,780,2877,1963,415,847,1013,884,499,162,1231,733,511,226,239,327
10/12/2014,16,1737,685,971,2350,2412,3741,0,2948,0,1444,357,279,46,318,1829,1726,946,0,813,3242,2653,534,817,1002,896,531,204,1543,739,343,268,279,277
10/12/2014,17,2318,1254,1726,3754,3070,4513,0,3079,0,2376,467,360,88,565,3877,2758,1578,0,1278,3917,3663,804,1074,1326,944,620,260,2821,871,487,408,418,414
10/12/2014,18,1683,778,838,1736,2486,3279,0,2409,0,1035,310,357,73,373,2203,1923,1081,0,1530,3247,2077,408,969,1001,992,777,371,1838,813,458,221,402,314
10/12/2014,19,1337,448,310,661,2102,2132,0,1392,0,362,155,330,68,174,1779,1220,574,0,1764,2253,1097,210,878,469,988,834,382,2248,863,552,116,210,201
10/12/2014,20,1039,282,194,417,1808,1885,0,1024,0,166,109,242,48,106,998,910,432,0,1630,1884,716,143,663,380,905,694,397,568,701,520,56,132,107
10/12/2014,21,765,194,161,270,1648,2477,0,872,0,100,79,167,41,52,1142,892,460,0,1185,1538,498,168,591,301,653,514,403,808,574,740,56,114,151
10/12/2014,22,462,145,118,171,1332,1746,0,404,0,97,62,92,23,50,1441,677,254,0,742,1047,358,105,437,256,481,507,254,1482,422,477,52,117,122
10/12/2014,23,287,76,71,102,706,957,0,199,0,44,73,52,17,41,528,405,239,0,215,726,245,89,315,203,230,247,44,287,285,225,93,277,68
11/12/2014,0,135,44,18,34,316,1017,0,105,0,25,15,63,4,13,244,151,86,0,136,282,97,28,238,64,91,130,31,106,143,82,20,25,55
11/12/2014,1,75,23,6,21,122,126,0,67,0,2,8,5,0,1,58,75,24,0,82,65,23,20,119,158,77,34,8,30,112,49,2,10,12
11/12/2014,2,33,10,2,11,61,54,0,19,0,0,0,9,1,0,18,30,14,0,42,39,9,3,77,37,37,12,4,8,48,18,2,2,13
11/12/2014,3,14,9,5,6,34,35,0,15,0,0,0,7,0,0,49,21,11,0,32,27,7,9,39,4,17,12,11,37,34,3,0,3,11
11/12/2014,4,16,5,1,2,26,40,0,8,0,5,1,8,1,1,42,11,25,0,38,29,20,5,53,5,5,7,4,40,47,6,3,8,13
11/12/2014,5,18,42,29,87,58,82,0,26,0,44,18,14,3,23,98,109,89,0,68,123,174,29,13,70,5,6,9,89,12,8,20,41,17
11/12/2014,6,73,182,202,683,171,217,0,75,0,414,120,56,10,101,293,478,252,0,175,517,714,126,86,262,25,30,30,272,57,32,78,67,94
11/12/2014,7,278,708,836,2251,403,531,0,261,0,1433,310,207,30,249,764,1171,540,0,315,1354,1850,469,146,498,96,69,73,656,129,94,249,141,253
11/12/2014,8,671,1827,1820,4765,838,1137,0,651,0,2907,520,312,46,390,1521,2252,1171,0,601,2365,3728,932,312,876,238,133,159,1371,310,180,440,304,515
11/12/2014,9,575,1253,919,2633,808,1427,0,875,0,1453,394,209,28,201,964,1365,550,0,671,1780,1958,584,330,661,208,160,154,728,320,167,322,207,390
11/12/2014,10,710,795,515,964,1142,2070,0,1784,0,507,201,214,73,143,1138,961,454,0,1003,1903,1534,414,394,532,330,233,192,813,387,380,170,162,321
11/12/2014,11,975,735,424,906,1494,2898,0,2649,0,482,223,168,96,176,1336,1193,488,0,1148,2152,1202,413,603,503,577,392,285,1041,556,268,171,213,369
11/12/2014,12,1460,1478,622,1194,2508,4186,0,3982,0,1079,399,409,88,589,1487,2006,674,0,1852,2812,2000,687,1164,977,1032,805,273,1339,1070,556,334,280,1000
11/12/2014,13,1782,1449,649,1372,2664,4162,0,4714,0,944,302,491,118,517,1632,2068,649,0,1860,3113,1915,758,1284,1058,1310,742,308,1443,1124,599,303,333,937
11/12/2014,14,1545,924,466,974,2489,3750,0,3347,0,583,276,303,66,265,1692,1657,684,0,1322,2814,1557,514,938,956,959,526,220,1466,763,574,198,303,500
11/12/2014,15,1664,642,590,1253,2579,3709,0,3180,0,705,287,310,63,269,1783,1526,705,0,865,2805,2029,456,901,963,915,492,135,1446,720,497,193,201,381
11/12/2014,16,1688,772,961,2230,2402,3669,0,3076,0,1473,442,332,78,499,1842,1708,870,0,686,3256,2641,550,901,1014,836,441,141,1452,644,385,287,257,305
11/12/2014,17,1936,1264,1621,3543,2528,3860,0,2973,0,2128,529,433,106,764,2562,2741,1618,0,654,3625,3566,795,1080,1338,912,556,194,1969,877,443,376,315,497
11/12/2014,18,1753,812,785,1568,2522,3275,0,2575,0,936,321,338,79,403,1941,1724,894,0,567,3012,1909,386,1044,1265,1140,730,184,1486,955,386,192,239,387
11/12/2014,19,1354,423,333,633,2197,2441,0,1753,0,417,152,221,57,184,1287,1251,586,0,436,2246,1079,233,968,571,1167,851,100,1120,751,516,137,155,216
11/12/2014,20,1146,332,206,310,1892,2508,0,1408,0,166,77,214,44,129,966,1096,525,0,366,1979,734,149,757,441,1063,730,126,429,802,627,57,148,107
11/12/2014,21,906,248,189,248,1854,2974,0,889,0,146,65,249,62,109,1187,936,411,0,323,1618,508,168,782,395,866,617,87,680,662,691,48,111,164
11/12/2014,22,661,202,93,157,1468,1636,0,572,0,111,72,190,49,70,855,687,372,0,264,1226,487,105,630,349,549,555,63,557,543,494,57,110,106
11/12/2014,23,352,118,71,102,925,1305,0,234,0,78,39,71,12,57,477,482,330,0,158,828,288,85,544,357,304,327,40,205,392,252,38,96,61
12/12/2014,0,206,44,32,61,426,393,0,111,0,31,17,43,8,11,246,245,132,0,106,513,89,60,389,272,189,202,33,120,295,88,14,26,36
12/12/2014,1,103,49,5,35,204,182,0,34,0,2,1,10,1,3,112,124,43,0,64,164,25,10,215,30,76,136,13,50,207,49,11,10,29
12/12/2014,2,80,6,9,12,169,105,0,23,0,3,7,7,1,3,60,43,26,0,85,85,15,5,219,28,56,45,13,31,148,36,3,6,4
12/12/2014,3,18,24,6,16,100,78,0,22,0,1,3,10,0,2,37,39,19,0,45,55,3,9,240,8,46,38,8,36,128,6,3,12,11
12/12/2014,4,30,18,5,7,41,77,0,13,0,3,4,6,2,3,55,24,47,0,35,45,32,14,92,9,18,9,10,60,57,16,4,12,23
12/12/2014,5,16,41,20,73,63,111,0,25,0,43,19,12,1,18,93,88,74,0,67,133,159,32,47,45,16,14,16,108,120,15,10,27,11
12/12/2014,6,72,189,159,646,210,223,0,85,0,426,104,75,16,96,292,463,222,0,225,520,699,134,98,205,38,24,51,317,60,40,65,90,98
12/12/2014,7,273,735,711,2094,430,511,0,277,0,1259,291,180,31,226,735,1192,571,0,344,1276,1874,423,178,378,74,58,81,806,159,80,217,141,246
12/12/2014,8,667,1884,1756,5169,930,1142,0,705,0,2687,405,338,54,386,1643,2403,1199,0,579,2510,3480,978,299,703,187,131,163,1837,302,194,377,247,549
12/12/2014,9,566,1253,932,2522,946,1550,0,1151,0,1050,257,248,37,188,1135,1464,600,0,837,1867,1939,560,386,457,216,177,187,929,334,209,339,251,469
12/12/2014,10,778,830,466,1011,1095,2407,0,1983,0,544,256,236,36,151,1282,1017,483,0,967,1976,1589,493,440,426,393,178,253,965,442,273,184,200,320
12/12/2014,11,1075,775,492,936,866,3043,0,2845,0,525,252,305,52,215,1656,1461,490,0,1233,2372,1307,533,683,576,576,0,260,1229,643,269,169,251,372
12/12/2014,12,1632,1677,748,1472,2339,4375,0,4274,0,1004,617,540,155,770,1954,2293,733,0,1913,3015,2098,814,1106,1020,1150,0,329,1542,1289,510,273,348,979
12/12/2014,13,1710,1567,647,1519,2628,4382,0,4558,0,961,394,655,124,670,1846,2315,696,0,1840,3151,2047,736,1279,1005,1296,0,310,1343,1174,515,250,364,841
12/12/2014,14,1554,913,571,978,2676,3971,0,3886,0,745,246,374,89,380,1666,1912,762,0,1351,2899,1558,504,893,841,1049,0,248,1509,864,524,179,317,493
12/12/2014,15,1590,726,634,1379,2513,3890,0,3270,0,811,324,486,82,305,1940,1860,802,0,1085,2962,1902,585,961,964,1035,0,221,1537,776,574,186,246,422
12/12/2014,16,1737,807,876,1979,2652,3915,0,3372,0,1381,452,1258,149,401,2105,2022,1006,0,999,3476,2628,603,1069,1054,1060,0,227,1581,813,397,220,280,427
12/12/2014,17,2166,970,1223,2625,3031,4231,0,3488,0,1620,682,1232,160,601,3097,2791,1339,0,789,3756,2988,674,1308,1540,1252,0,219,2361,1128,442,304,287,624
12/12/2014,18,1776,589,574,1132,3070,3783,0,3055,0,728,476,927,167,429,2556,2354,923,0,517,2968,1815,430,1364,1373,1426,0,144,2354,1168,570,184,258,433
12/12/2014,19,1664,463,307,521,2729,3139,0,2563,0,375,270,1213,237,271,2092,1662,750,0,420,2433,1141,310,1448,1251,1333,0,125,2130,1217,721,102,173,358
12/12/2014,20,1478,362,242,303,2542,3174,0,2395,0,205,177,1417,223,179,1721,1518,704,0,455,2214,716,162,1324,963,1370,0,117,1154,1095,968,70,146,249
12/12/2014,21,1335,279,163,271,2920,3895,0,1945,0,226,220,1586,193,140,2255,1429,652,0,382,2105,692,242,1381,747,1199,0,122,1648,1144,1338,54,162,180
12/12/2014,22,1078,345,215,225,2328,2858,0,1086,0,211,306,898,163,113,1901,1227,650,0,280,1672,645,248,1360,928,973,967,93,1098,944,1102,85,126,224
12/12/2014,23,757,296,211,180,1967,1545,0,620,0,210,218,402,124,66,1250,1022,600,0,258,1492,581,313,1138,675,629,770,58,684,878,812,85,141,142
13/12/2014,0,423,226,163,112,1148,1073,0,383,0,125,108,147,57,68,928,738,393,0,193,1159,399,174,1107,550,478,590,54,429,764,473,51,114,85
13/12/2014,1,297,105,87,52,693,610,0,232,0,32,59,58,60,30,612,447,164,0,153,630,150,95,882,364,328,339,34,352,560,194,28,104,80
13/12/2014,2,141,42,51,51,394,431,0,131,0,14,17,32,6,16,413,250,115,0,108,424,41,44,544,103,168,153,38,239,348,99,8,49,27
13/12/2014,3,76,24,12,28,264,267,0,62,0,15,12,12,1,8,145,114,64,0,80,198,35,44,327,60,53,126,15,84,195,57,9,27,19
13/12/2014,4,49,20,6,15,108,140,0,32,0,2,3,7,0,0,46,87,54,0,73,127,22,10,219,20,42,44,10,42,104,21,8,11,9
13/12/2014,5,23,18,12,17,79,86,0,39,0,13,1,12,1,7,74,60,72,0,65,129,63,25,140,42,27,17,11,55,72,13,9,41,10
13/12/2014,6,55,48,16,19,122,142,0,42,0,51,20,42,11,20,75,89,93,0,183,175,199,35,115,76,25,26,29,72,58,20,14,55,34
13/12/2014,7,98,100,46,28,307,220,0,111,0,124,48,73,7,71,144,281,159,0,291,384,409,72,109,324,76,31,85,218,61,31,33,68,97
13/12/2014,8,219,186,86,71,447,560,0,349,0,108,53,92,23,75,275,311,204,0,583,714,531,114,132,306,175,93,172,495,141,125,30,134,85
13/12/2014,9,389,195,128,90,769,1204,0,980,0,119,45,172,27,114,547,728,307,0,851,1181,585,126,227,356,190,0,333,722,232,129,59,170,132
13/12/2014,10,695,244,141,113,1020,2018,0,2077,0,149,116,234,60,155,972,1004,396,0,1248,1635,787,216,285,470,362,0,322,999,379,194,76,139,142
13/12/2014,11,978,272,154,132,735,3068,0,3043,0,149,88,274,44,145,1631,1328,487,0,1573,2178,855,186,552,633,630,0,371,1628,573,312,85,177,155
13/12/2014,12,1192,294,153,94,1938,3557,0,3721,0,161,54,291,72,189,1991,1450,606,0,1705,2349,850,164,615,863,1051,0,349,2237,789,420,79,261,155
13/12/2014,13,1492,313,192,149,2591,4116,0,3585,0,152,89,290,61,173,1906,1611,624,0,1728,2551,889,159,680,1026,1349,0,434,1732,872,438,80,149,147
13/12/2014,14,1418,318,184,126,2742,4154,0,3832,0,172,86,263,88,182,1877,1687,585,0,1454,2577,822,174,748,960,1210,0,387,1872,714,398,90,163,141
13/12/2014,15,1444,293,186,142,2714,4101,0,3868,0,172,143,425,93,198,2114,1630,567,0,1340,2566,897,185,825,849,1197,0,288,2179,781,490,79,254,142
13/12/2014,16,1479,276,201,82,2577,3794,0,3629,0,186,234,935,74,150,2359,1660,543,0,750,2855,996,184,925,850,1090,0,169,2309,732,438,71,165,213
13/12/2014,17,1529,344,167,87,2498,3411,0,3147,0,158,199,726,140,153,2149,1617,597,0,565,2498,934,207,1016,918,1179,0,140,1919,728,594,70,136,201
13/12/2014,18,1196,364,172,107,2441,2777,0,2238,0,267,294,1665,304,229,2475,1532,517,0,437,2120,957,234,1016,967,1294,0,110,2169,884,812,89,203,202
13/12/2014,19,1299,393,148,118,2152,2597,0,1984,0,179,240,1747,230,191,1965,1404,514,0,423,1956,786,211,1118,707,1283,0,110,1396,1120,979,78,165,249
13/12/2014,20,1260,328,108,114,2369,2987,0,2171,0,99,132,1670,269,104,1936,1162,538,0,347,1764,472,145,1141,618,1399,0,86,932,975,1396,51,139,207
13/12/2014,21,1145,288,97,135,2524,3675,0,2085,0,153,223,2086,406,202,2519,1373,579,0,301,2053,790,193,1131,481,1289,0,81,1681,1002,1600,52,152,136
13/12/2014,22,1392,304,135,116,2243,3213,0,1685,0,128,267,1667,354,113,2401,1284,597,0,298,1802,607,200,1207,611,1007,0,78,1516,1070,1584,92,179,153
13/12/2014,23,935,205,104,86,1731,2076,0,778,0,68,181,651,144,51,1556,1065,561,0,273,1344,446,174,1019,561,645,0,82,714,1127,1111,62,172,146
14/12/2014,0,626,180,73,83,1049,1075,0,386,0,46,186,302,168,39,779,684,379,0,172,930,342,97,882,539,444,0,30,512,956,710,42,108,99
14/12/2014,1,377,91,46,58,709,657,0,244,0,31,54,99,37,19,483,413,217,0,164,425,166,59,876,416,349,0,37,247,850,290,25,72,25
14/12/2014,2,186,40,31,22,444,425,0,176,0,10,31,27,1,8,329,248,111,0,97,357,68,38,618,133,186,0,31,133,568,81,7,31,33
14/12/2014,3,108,23,14,42,390,323,0,99,0,8,24,16,1,1,144,145,71,0,93,222,62,38,430,53,166,0,26,91,488,51,8,27,5
14/12/2014,4,57,13,5,18,97,175,0,66,0,13,13,14,0,5,62,114,46,0,67,149,45,22,624,60,65,0,12,53,313,44,10,16,7
14/12/2014,5,30,16,7,7,72,135,0,35,0,8,7,12,0,6,70,54,38,0,42,99,82,24,187,20,26,0,0,93,193,31,17,14,12
14/12/2014,6,34,30,6,20,102,120,0,39,0,9,15,19,3,23,96,84,63,0,77,158,71,21,196,73,16,0,17,107,139,19,12,23,11
14/12/2014,7,79,52,24,23,187,216,0,123,0,30,16,62,15,54,165,170,127,0,192,310,285,80,128,104,37,0,41,230,86,20,27,43,22
14/12/2014,8,145,86,47,36,381,429,0,288,0,48,31,116,21,75,335,239,157,0,416,579,436,104,96,184,136,0,92,520,142,39,34,44,84
14/12/2014,9,275,163,96,87,509,1012,0,843,0,81,36,233,28,127,798,576,291,0,772,996,531,144,179,334,188,0,121,1163,237,85,62,85,143
14/12/2014,10,574,176,137,81,849,1811,0,1808,0,89,52,461,58,159,1275,879,385,0,1124,1361,657,153,272,512,402,0,246,1602,335,208,73,105,182
14/12/2014,11,895,250,107,101,1484,2807,0,3057,0,100,80,728,106,178,1663,1159,495,0,1471,1846,623,128,511,638,744,0,312,1855,554,312,70,127,145
14/12/2014,12,1129,324,133,110,1997,3144,0,3540,0,95,64,836,140,172,1931,1387,543,0,1660,2123,709,111,708,807,1012,0,308,1922,828,358,81,147,103
14/12/2014,13,1453,322,141,134,2382,3605,0,3627,0,105,40,809,196,177,2140,1388,520,0,1684,2395,622,134,853,966,1348,0,337,2491,930,464,75,250,90
14/12/2014,14,1574,793,206,95,2509,3730,0,4006,0,109,57,853,185,192,2249,1562,678,0,1499,2532,748,183,927,1022,1239,0,308,2490,881,626,101,202,97
14/12/2014,15,1555,267,116,114,2579,3537,0,4017,0,127,68,782,221,247,2354,1594,725,0,1335,2628,757,193,868,1109,1116,0,241,2408,797,602,64,198,102
14/12/2014,16,1617,359,163,115,2327,3386,0,3551,0,72,104,789,174,206,2588,1493,563,0,817,2723,775,151,894,1098,920,0,144,2904,642,596,97,352,77
14/12/2014,17,1545,273,122,121,2259,2780,0,2786,0,107,89,989,216,184,1582,1315,572,0,530,2405,735,205,879,984,1068,0,132,1135,696,791,51,125,65
14/12/2014,18,1232,274,98,94,2132,2246,0,1770,0,127,103,1155,207,158,1325,1155,481,0,365,1815,647,162,894,820,1096,0,121,861,747,742,47,125,89
14/12/2014,19,1122,197,77,64,1874,1851,0,1216,0,96,82,960,161,138,1735,965,492,0,341,1557,484,130,865,436,1062,0,123,1206,674,1020,49,115,107
14/12/2014,20,959,205,96,73,1772,2165,0,1235,0,66,90,1110,218,112,1299,923,465,0,300,1437,400,82,802,365,1003,0,97,606,706,1126,47,121,45
14/12/2014,21,747,188,57,85,1685,2874,0,992,0,70,71,783,116,95,1117,864,391,0,283,1357,287,145,745,280,814,0,73,643,704,1061,36,60,93
14/12/2014,22,475,103,35,55,1189,1597,0,485,0,32,37,475,45,28,706,671,270,0,180,1047,270,75,530,199,504,0,47,313,526,816,27,58,42
14/12/2014,23,231,68,22,42,725,517,0,155,0,25,25,237,15,21,366,356,207,0,129,634,172,45,368,80,213,0,34,113,521,293,10,47,24
15/12/2014,0,106,26,8,26,291,262,0,69,0,7,7,34,3,10,130,142,74,0,82,219,72,13,157,87,98,0,27,89,271,172,11,20,3
15/12/2014,1,52,6,10,18,139,80,0,33,0,3,5,24,7,3,50,77,23,0,39,63,19,17,104,46,54,0,11,26,186,64,8,19,2
15/12/2014,2,49,7,1,15,55,47,0,6,0,0,1,5,0,1,28,54,32,0,32,43,3,4,88,11,34,0,8,14,176,24,1,4,14
15/12/2014,3,27,1,8,10,41,52,0,14,0,1,4,13,0,1,50,38,20,0,46,47,10,6,94,10,11,0,3,32,151,14,0,3,0
15/12/2014,4,10,15,2,14,23,34,0,4,0,4,4,2,1,2,43,45,28,0,38,47,31,4,38,11,22,10,3,54,205,19,6,5,2
15/12/2014,5,27,62,18,89,86,91,0,24,0,38,17,23,2,18,104,104,70,0,34,145,152,22,24,66,22,16,5,127,78,7,20,31,22
15/12/2014,6,68,216,175,563,178,191,0,88,0,362,89,69,13,104,261,442,229,0,98,534,656,137,101,239,36,25,20,289,48,18,49,71,76
15/12/2014,7,263,761,760,2192,412,501,0,247,0,1190,266,221,34,242,769,1089,541,0,197,1279,1805,456,160,417,77,56,59,841,142,82,170,104,190
15/12/2014,8,670,1968,1684,5014,825,1119,0,609,0,2757,480,368,74,418,1547,2280,1188,0,403,2314,3508,984,273,650,236,126,142,1535,261,196,354,305,539
15/12/2014,9,521,1151,896,2490,862,1416,0,983,0,1211,245,199,29,178,1088,1423,485,0,520,1663,1827,572,312,344,280,169,98,846,336,182,270,184,430
15/12/2014,10,678,675,444,1030,1092,2190,0,1720,0,519,217,161,24,160,1945,1068,386,0,543,1742,1410,411,374,402,367,340,104,1538,398,274,128,182,339
15/12/2014,11,1025,827,460,901,666,3222,0,2805,0,488,223,226,67,220,1616,1181,485,0,746,1919,1186,428,631,707,692,20,143,1137,538,229,129,231,315
15/12/2014,12,1675,1629,637,1191,1884,4026,0,4105,0,881,448,475,107,701,2652,2194,699,0,1131,2615,1803,715,1178,836,1210,0,219,1941,1093,529,228,299,846
15/12/2014,13,1901,1695,640,1598,2671,4477,0,4592,0,845,336,498,144,581,2180,2446,715,0,915,2941,1917,720,1219,894,1293,0,169,1917,1209,594,262,327,831
15/12/2014,14,1629,850,522,959,2492,3888,0,3498,0,551,230,246,42,242,2388,1575,580,0,699,2603,1413,467,774,818,957,0,130,1637,718,419,183,240,394
15/12/2014,15,1639,712,546,1164,2373,3758,0,3302,0,678,223,241,52,225,1671,1454,616,0,641,2644,1615,409,812,930,881,0,115,1350,691,550,193,238,325
15/12/2014,16,1668,811,955,2352,2381,3616,0,2902,0,1448,410,231,66,312,1792,1719,804,0,621,2900,2564,470,760,1110,857,0,127,1280,692,294,302,219,303
15/12/2014,17,1900,1161,1779,3914,2423,3433,0,2779,0,2267,497,346,86,544,2422,2617,1549,0,650,3625,3582,604,950,1252,1005,0,180,1974,825,365,413,321,356
15/12/2014,18,1556,799,807,1592,2275,2841,0,2113,0,958,298,271,72,365,1601,1576,931,0,502,2862,1863,355,843,865,1060,0,199,1248,856,458,180,223,300
15/12/2014,19,1137,378,261,577,1832,1871,0,1339,0,272,176,233,60,164,1110,1034,531,0,397,2002,899,185,829,408,1073,0,92,612,782,571,90,146,196
15/12/2014,20,1036,288,140,300,1605,1815,0,1087,0,138,105,279,71,100,1117,849,390,0,339,1458,571,188,709,317,957,0,97,684,635,735,44,135,99
15/12/2014,21,772,208,123,211,1578,2290,0,838,0,102,60,154,30,82,964,805,315,0,303,1256,366,98,652,243,715,572,77,435,549,674,46,91,101
15/12/2014,22,504,156,90,109,1207,1256,0,410,0,57,38,112,16,52,709,516,315,0,239,812,275,107,502,155,459,388,75,268,410,463,32,47,76
15/12/2014,23,254,105,30,80,547,544,0,138,0,30,21,44,17,23,336,336,256,0,117,520,173,76,301,119,224,151,39,91,291,160,38,58,52
16/12/2014,0,81,42,19,30,254,172,0,66,0,15,2,12,2,6,121,118,58,0,71,178,66,56,142,54,93,84,13,28,112,73,8,24,20
16/12/2014,1,72,26,7,8,125,82,0,30,0,8,2,17,10,2,74,72,23,0,51,73,23,17,86,20,61,32,5,17,95,26,1,12,9
16/12/2014,2,27,8,1,4,52,45,0,23,0,4,6,8,0,1,13,31,9,0,37,59,11,4,54,11,25,12,5,10,48,19,1,4,22
16/12/2014,3,12,6,5,9,25,30,0,25,0,2,3,2,0,2,27,56,15,0,30,51,9,11,12,5,22,5,3,24,22,3,1,4,8
16/12/2014,4,11,11,3,2,33,25,0,11,0,11,2,1,0,4,47,32,38,0,29,49,16,4,38,9,5,7,4,38,29,5,7,9,11
16/12/2014,5,18,47,21,99,69,80,0,19,0,44,13,14,4,23,105,115,74,0,61,131,141,39,22,53,9,5,5,122,15,9,15,27,12
16/12/2014,6,64,254,173,705,176,200,0,113,0,422,113,90,11,119,295,487,260,0,188,521,714,136,72,251,45,23,39,368,62,19,67,67,90
16/12/2014,7,274,767,742,2031,401,509,0,274,0,1205,304,225,41,263,797,1098,572,0,354,1237,1832,460,194,457,108,51,76,919,144,97,193,143,228
16/12/2014,8,686,1940,1725,5190,894,1140,0,690,0,2404,440,356,63,403,1601,2361,1169,0,611,2390,3570,995,368,697,241,143,171,1810,310,201,379,262,552
16/12/2014,9,582,1171,929,2610,902,1438,0,1085,0,1176,241,188,25,205,935,1371,535,0,808,1710,1977,540,337,435,192,185,166,801,294,162,271,187,473
16/12/2014,10,813,811,468,1244,1200,2194,0,1689,0,500,220,219,70,136,1066,1055,386,0,1075,1713,1498,469,426,421,302,284,220,815,365,246,187,180,329
16/12/2014,11,971,732,502,918,792,2942,0,2687,0,475,247,173,41,210,1179,1227,413,0,1496,1924,1326,413,571,445,586,27,290,992,547,270,158,245,398
16/12/2014,12,1644,1723,736,1304,2291,4129,0,4129,0,1015,437,491,128,668,1693,2202,652,0,1955,2802,1948,641,1144,824,1161,0,401,1215,1231,492,293,390,961
16/12/2014,13,1738,1524,680,1496,2771,4537,0,4863,0,947,384,404,62,618,1674,2228,591,0,1880,2950,1984,742,1111,753,1205,0,302,1242,1085,498,302,366,1028
16/12/2014,14,1649,876,521,934,2707,3922,0,3706,0,574,281,300,59,272,1546,1705,627,0,1183,2703,1536,462,786,711,942,0,186,1071,808,500,195,241,487
16/12/2014,15,1558,625,582,1311,2385,3589,0,3118,0,740,292,213,53,253,1506,1508,714,0,789,2715,1779,373,701,724,873,0,153,1119,712,1007,171,237,327
16/12/2014,16,1680,873,973,3196,2283,3441,0,2904,0,1287,436,284,43,298,1730,1700,801,0,607,2846,2624,461,693,786,832,0,120,1313,638,879,301,242,336
16/12/2014,17,1956,1294,1590,3841,2301,3509,0,2916,0,1807,554,282,72,540,2516,2646,1509,0,551,3451,3484,650,1012,1087,971,0,185,1852,820,489,427,323,504
16/12/2014,18,1511,712,802,1592,1992,2940,0,2155,0,773,327,261,48,305,1624,1634,881,0,439,2719,1955,392,987,991,1086,737,122,1229,808,809,220,230,388
16/12/2014,19,1162,465,326,611,1677,2012,0,1452,0,254,142,166,50,121,1039,1093,527,0,371,2006,1068,230,844,828,973,863,96,579,742,850,96,137,196
16/12/2014,20,1057,326,171,280,1765,1606,0,1112,0,110,87,177,14,69,979,979,394,0,301,1577,627,174,741,423,924,736,107,881,711,526,68,116,137
16/12/2014,21,763,202,119,214,1517,2266,0,758,0,82,61,161,18,71,798,759,331,0,300,1286,449,139,720,228,786,693,62,510,542,635,54,78,104
16/12/2014,22,543,162,75,89,1317,1283,0,473,0,57,39,90,52,36,668,586,273,0,163,1093,361,118,488,902,520,538,59,455,520,429,35,84,76
16/12/2014,23,313,73,60,77,773,497,0,190,0,46,29,53,12,31,498,536,479,0,123,718,295,110,413,525,305,267,49,313,378,174,26,46,57
17/12/2014,0,110,59,18,37,324,188,0,56,0,14,12,17,6,7,95,155,76,0,106,199,76,27,180,7,204,87,16,68,192,100,7,28,25
17/12/2014,1,72,13,12,9,142,100,0,34,0,2,4,2,0,3,67,64,27,0,69,69,25,14,117,0,127,22,13,35,119,40,3,9,10
17/12/2014,2,25,6,2,9,50,43,0,21,0,7,3,5,1,0,34,23,15,0,27,37,9,5,107,10,71,7,7,13,108,20,1,2,16
17/12/2014,3,15,9,4,7,25,30,0,10,0,0,3,0,0,0,34,18,10,0,16,42,12,4,44,5,30,22,9,33,35,17,0,0,6
17/12/2014,4,8,12,2,10,15,25,0,12,0,5,1,1,1,4,60,30,35,0,16,33,26,17,54,5,22,10,4,72,27,23,7,3,16
17/12/2014,5,21,57,20,79,61,77,0,24,0,53,16,18,1,19,109,111,89,0,28,140,203,43,40,57,6,18,6,159,27,14,15,32,12
17/12/2014,6,54,220,186,655,228,213,0,113,0,374,100,85,16,123,285,475,236,0,119,498,715,140,103,244,28,28,20,394,65,42,70,70,86
17/12/2014,7,255,836,788,2274,421,521,0,283,0,1320,260,216,36,239,800,1148,582,0,210,1242,1802,464,203,443,75,59,77,944,111,103,231,202,219
17/12/2014,8,673,1930,1806,4942,970,1148,0,675,0,2284,433,370,36,404,1569,2336,1200,0,436,2431,3435,935,380,618,225,123,135,1825,280,199,449,320,562
17/12/2014,9,873,1261,910,2580,1084,1752,0,1037,0,1111,259,203,22,197,1283,1401,545,0,535,1842,1914,550,387,440,258,160,126,1408,292,214,310,184,422
17/12/2014,10,1735,751,534,1003,2316,3323,0,1930,0,511,258,300,125,156,1693,1103,409,0,693,1828,1599,470,465,411,484,342,125,1607,462,235,178,194,355
17/12/2014,11,1613,809,489,895,970,3662,0,3027,0,542,253,235,54,259,1879,1345,541,0,816,2277,1395,546,695,616,743,192,156,1849,691,251,174,235,303
17/12/2014,12,2221,1509,742,1201,2223,4669,0,4237,0,958,505,522,122,774,2244,2338,756,0,1266,2793,2118,732,1463,904,1376,0,225,2050,1344,452,256,378,924
17/12/2014,13,2246,1578,662,1468,2955,4842,0,4936,0,875,332,557,177,710,2176,2468,742,0,1215,3218,2043,844,1454,920,1427,0,218,1760,1190,613,329,309,919
17/12/2014,14,2031,826,532,985,2777,4227,0,4141,0,604,225,341,101,327,2056,1884,698,0,766,2808,1558,513,994,933,1154,0,201,1779,826,556,182,237,548
17/12/2014,15,1989,796,577,1204,2614,3956,0,3708,0,687,312,348,133,270,2112,1694,773,0,682,2982,1941,509,883,913,1066,0,127,1631,709,565,208,280,331
17/12/2014,16,1999,788,911,2166,2830,3997,0,3684,0,1419,481,401,91,425,1891,1785,907,0,797,3432,2586,623,928,1011,1016,0,154,1598,815,401,314,269,304
17/12/2014,17,2239,1285,1664,3726,2865,4147,0,3541,0,2263,684,681,112,593,2665,2782,1527,0,1329,3915,3877,786,1210,1264,1100,0,301,2084,927,391,430,327,401
17/12/2014,18,1762,887,838,1690,2506,3211,0,2764,0,995,434,730,102,392,2075,1929,1056,0,1677,3113,2193,506,1059,1157,1142,0,369,1531,973,456,212,227,299
17/12/2014,19,1263,421,295,699,2100,2481,0,1877,0,382,253,404,47,185,1574,1303,619,0,1812,2351,1161,221,967,963,1186,0,459,1645,741,602,134,171,215
17/12/2014,20,1224,377,181,382,1871,2234,0,1573,0,137,131,288,59,140,1197,1087,475,0,1702,1941,658,144,821,522,1142,0,539,577,638,684,52,149,110
17/12/2014,21,884,224,123,273,1924,2839,0,1246,0,132,152,313,55,109,1081,964,357,0,1338,1732,543,166,686,321,902,0,496,658,611,757,55,79,110
17/12/2014,22,636,233,94,217,1686,1944,0,755,0,144,259,472,80,99,1099,769,365,0,828,1233,750,196,793,1246,698,0,349,939,591,704,48,75,122
17/12/2014,23,415,150,82,128,1124,775,0,283,0,41,65,110,31,42,515,594,373,0,265,905,410,82,608,303,530,0,73,233,473,438,38,62,85
18/12/2014,0,191,69,22,48,434,236,0,104,0,22,14,46,19,11,147,194,81,0,132,276,99,36,461,112,220,0,35,92,289,204,11,19,26
18/12/2014,1,74,29,11,14,198,122,0,30,0,8,2,10,7,4,92,72,27,0,79,63,44,24,176,8,85,0,12,46,159,66,3,16,12
18/12/2014,2,46,9,2,6,109,78,0,15,0,0,10,7,0,0,31,38,17,0,55,30,14,6,110,0,15,21,8,22,88,25,2,16,11
18/12/2014,3,21,7,2,9,64,42,0,18,0,4,4,12,3,0,24,22,8,0,35,38,6,2,80,0,23,21,9,28,58,13,0,2,4
18/12/2014,4,13,18,3,10,20,33,0,13,0,0,5,5,1,0,45,34,38,0,35,31,19,5,56,0,13,12,9,57,31,11,5,8,14
18/12/2014,5,17,48,26,97,64,87,0,23,0,48,14,19,4,23,100,96,85,0,73,118,147,30,39,0,9,5,7,125,24,3,15,15,15
18/12/2014,6,54,225,189,651,186,183,0,67,0,400,97,80,10,120,292,352,247,0,158,585,794,159,94,0,44,19,41,362,64,25,56,59,104
18/12/2014,7,253,819,761,2224,414,559,0,269,0,1165,277,197,35,266,690,1127,537,0,350,1399,1661,408,170,0,141,49,73,895,133,95,194,124,189
18/12/2014,8,650,1883,1839,5084,849,1242,0,645,0,2383,461,329,45,385,1480,2242,1139,0,660,2541,3524,938,319,0,230,152,177,1792,313,213,409,239,609
18/12/2014,9,587,1250,975,2542,866,1633,0,1103,0,1118,301,216,22,208,1269,1308,574,0,757,1838,2109,558,338,0,278,188,150,1344,331,216,339,201,476
18/12/2014,10,740,815,480,1046,1187,2377,0,1872,0,500,252,215,40,182,1362,1038,438,0,1058,1945,1321,400,468,0,357,175,181,1310,391,284,168,181,388
18/12/2014,11,1076,744,492,904,1560,3263,0,3031,0,490,284,190,51,214,1778,1374,507,0,1338,2281,1391,475,671,0,702,0,189,1698,693,275,181,183,401
18/12/2014,12,1679,1630,697,1243,2630,4502,0,4443,0,970,530,531,161,671,2310,2388,757,0,1931,3024,1999,672,1262,0,1178,0,312,2184,1203,622,280,286,972
18/12/2014,13,1800,1417,668,1465,2884,4827,0,5017,0,832,370,472,147,587,2223,2274,722,0,1926,3301,1996,705,1430,0,1244,0,349,2193,1355,564,260,316,912
18/12/2014,14,1758,873,569,992,2609,4168,0,3790,0,555,251,435,118,318,1887,1799,713,0,1329,2964,1549,465,1038,0,1050,0,259,1532,875,488,162,185,512
18/12/2014,15,1620,709,590,1212,2278,3878,0,3468,0,662,261,213,76,245,1800,1676,740,0,901,2966,1823,459,889,0,914,493,186,1290,769,519,184,205,455
18/12/2014,16,1237,813,961,2377,1752,3378,0,2972,0,1294,416,99,22,329,2016,1724,838,0,489,2860,2530,435,725,0,789,322,147,1733,765,289,213,145,387
18/12/2014,17,1496,1171,1631,3947,2075,3441,0,2992,0,1987,534,237,54,556,2014,2268,1459,0,545,3331,3331,657,933,0,943,546,202,1540,883,246,307,261,403
18/12/2014,18,1494,706,835,1426,2183,3305,0,2732,0,852,291,195,45,318,1746,1602,868,0,474,2798,1886,346,994,0,1030,884,179,1472,1004,366,200,192,323
18/12/2014,19,1201,424,314,602,1892,2197,0,1955,0,349,191,216,64,153,1240,1014,454,0,371,2068,1007,221,915,0,1152,980,114,1272,803,461,88,151,215
18/12/2014,20,1041,300,177,313,1764,2189,0,1593,0,169,140,175,32,115,917,920,443,0,367,1664,638,142,812,0,1068,911,142,478,785,629,43,82,147
18/12/2014,21,827,263,151,209,1978,2579,0,944,0,180,102,153,53,77,1031,956,472,0,300,1554,578,129,844,0,934,772,60,531,736,636,60,98,125
18/12/2014,22,724,210,144,127,1481,1732,0,556,0,78,123,120,35,59,1041,698,403,0,229,1149,338,132,734,0,684,1023,100,791,600,612,48,131,78
18/12/2014,23,339,152,68,97,970,759,0,224,0,40,61,72,19,40,527,528,387,0,168,847,283,100,545,0,334,841,54,324,444,287,29,84,66
19/12/2014,0,158,61,33,37,451,368,0,104,0,32,14,13,7,23,183,244,99,0,84,385,94,54,341,0,238,373,31,84,203,108,13,18,28
19/12/2014,1,84,34,27,19,231,149,0,39,0,5,9,3,3,7,70,91,32,0,61,147,36,11,245,0,124,130,9,52,209,73,4,10,9
19/12/2014,2,54,20,7,13,177,87,0,89,0,2,3,10,0,3,34,61,34,0,53,66,17,8,243,0,58,56,13,32,121,28,7,11,6
19/12/2014,3,33,21,6,9,194,96,0,22,0,16,10,7,0,0,42,42,17,0,64,110,12,6,177,0,43,61,6,31,81,7,1,4,4
19/12/2014,4,14,16,2,12,44,80,0,16,0,2,8,2,0,1,55,31,32,0,35,75,21,5,177,0,15,32,8,58,80,17,6,6,3
19/12/2014,5,20,38,19,96,78,83,0,30,0,40,11,10,0,18,101,101,78,0,94,170,147,30,112,0,10,17,6,132,80,9,14,12,21
19/12/2014,6,51,209,176,599,186,198,0,73,0,368,86,72,6,104,235,430,203,0,174,559,668,120,103,0,37,22,32,291,62,36,52,53,91
19/12/2014,7,272,719,726,2037,337,497,3,285,0,1202,283,169,21,228,692,1104,497,0,362,1345,1819,366,150,0,58,49,89,833,125,103,177,116,219
19/12/2014,8,681,1865,1771,4851,788,1093,0,677,0,2235,390,276,45,402,1423,2213,1135,0,643,2424,3245,832,341,0,203,127,164,1664,274,205,344,221,563
19/12/2014,9,603,1224,947,2325,871,1632,0,1102,0,1211,285,179,31,180,1056,1523,641,0,856,1924,1927,607,326,0,281,170,205,919,294,217,282,208,506
19/12/2014,10,798,710,575,996,1150,2352,0,2025,0,530,214,206,31,161,1016,1266,492,0,980,2008,1429,451,473,0,474,279,221,770,429,264,150,142,413
19/12/2014,11,1014,698,513,892,1511,3333,0,3047,0,462,239,235,60,252,1494,1382,519,0,1240,2193,1389,421,661,0,627,430,258,1275,596,377,162,166,402
19/12/2014,12,1626,1582,696,1191,2369,4232,0,4175,0,1017,442,558,144,645,2052,2389,688,0,1889,2833,2071,703,1278,0,1184,971,355,1625,1399,423,273,288,880
19/12/2014,13,1755,1390,615,1170,2750,4520,0,4667,0,845,319,473,114,680,1906,2265,762,0,1838,3291,1909,684,1356,0,1222,0,354,1685,1343,496,211,239,838
19/12/2014,14,1858,877,539,1048,2707,4421,0,4062,0,712,216,418,108,322,1863,1949,716,0,1369,3093,1639,453,1066,0,1147,0,238,1560,899,493,183,266,508
19/12/2014,15,1914,742,612,1269,2771,4244,0,3977,0,847,281,403,96,432,1996,2044,1037,0,1226,3304,1902,468,1177,0,1088,0,257,1593,900,624,182,243,340
19/12/2014,16,2050,827,918,2070,2667,4302,0,4237,0,1407,386,361,105,500,2294,2337,1075,0,977,3798,2541,590,1176,0,1179,526,179,1755,1039,372,246,262,383
19/12/2014,17,2191,1098,1222,2514,2935,4482,0,4017,0,1491,499,550,117,581,2830,2465,1232,0,709,3843,2879,644,1176,0,1244,708,150,2016,1214,449,289,374,424
19/12/2014,18,1846,658,526,1111,2807,3943,0,3512,0,629,338,575,139,310,2603,2175,937,0,496,3127,1805,329,1253,0,1464,920,154,1868,1167,466,180,226,382
19/12/2014,19,1538,491,306,486,2505,3193,0,2871,0,361,235,424,135,216,2646,1775,744,0,461,2659,1102,256,1290,0,1418,1209,130,2103,1250,578,101,198,324
19/12/2014,20,1508,376,192,337,2624,3333,0,2637,0,181,130,369,79,200,1808,1579,757,0,371,2337,759,183,1265,0,1445,1059,94,1005,1171,795,66,156,201
19/12/2014,21,1188,293,155,243,2406,3769,0,2294,0,167,123,327,95,132,1905,1488,620,0,334,2210,630,147,1198,0,1290,979,95,1164,1191,781,71,148,203
19/12/2014,22,972,303,228,196,2177,3231,0,1493,0,146,146,230,65,62,2351,1395,614,0,348,1920,596,221,1085,0,1051,1022,65,1343,1155,817,87,182,144
19/12/2014,23,759,306,186,189,1898,1884,0,751,0,130,207,244,47,96,1370,1041,537,0,251,1530,453,190,1057,0,713,721,62,614,1028,605,63,201,125
20/12/2014,0,482,222,146,127,1159,1544,0,375,0,92,163,114,15,29,684,749,424,0,276,1081,442,180,976,0,414,477,53,325,830,320,55,104,78
20/12/2014,1,315,105,87,60,771,827,0,258,0,43,46,29,11,9,572,485,202,0,220,676,190,68,902,0,268,269,67,278,687,218,43,85,41
20/12/2014,2,180,98,42,66,437,520,0,135,0,26,8,14,3,11,518,332,113,0,202,532,61,70,681,0,201,253,45,291,505,81,15,70,58
20/12/2014,3,96,21,23,21,283,337,0,91,0,19,9,25,4,5,217,140,73,0,127,325,36,25,514,0,86,128,19,120,317,35,7,29,30
20/12/2014,4,70,28,5,8,119,159,0,41,0,4,7,11,1,4,76,114,70,0,92,197,38,15,274,0,39,48,14,63,142,40,5,6,46
20/12/2014,5,28,20,18,13,97,103,0,25,0,11,5,16,1,9,64,85,92,0,94,109,60,6,138,0,31,35,8,56,87,12,5,24,23
20/12/2014,6,33,57,16,19,132,124,0,84,0,66,6,27,3,35,81,100,104,0,209,215,188,39,114,0,48,45,54,69,54,17,12,26,25
20/12/2014,7,100,93,44,35,367,285,0,161,0,79,22,44,12,68,171,171,129,0,349,387,329,62,92,0,59,28,125,123,92,23,30,47,36
20/12/2014,8,156,138,58,48,390,577,0,334,0,73,43,86,27,97,277,281,169,0,542,752,484,89,110,0,173,75,205,229,97,62,43,55,123
20/12/2014,9,338,228,84,76,719,1159,0,921,0,77,48,133,19,130,659,542,283,0,867,1053,565,119,233,0,226,112,295,623,216,119,55,78,108
20/12/2014,10,544,240,124,103,916,2014,0,1825,0,187,63,247,49,156,884,815,397,0,1233,1509,689,97,398,0,370,204,373,594,437,169,72,134,176
20/12/2014,11,905,300,140,122,820,2906,0,2967,0,103,66,305,70,146,1449,1211,519,0,1654,2010,893,213,594,0,716,374,406,1346,622,276,84,160,163
20/12/2014,12,1286,358,180,130,1737,3733,0,3738,0,86,99,331,105,156,1713,1378,550,0,1896,2313,886,194,684,0,1081,668,466,1365,727,350,88,156,126
20/12/2014,13,1581,342,230,113,2497,4121,0,3958,0,129,78,327,81,193,1935,1446,634,0,1969,2523,809,213,841,0,1240,707,474,1479,825,412,81,162,115
20/12/2014,14,1666,358,200,117,2635,4213,0,4564,0,127,61,283,88,188,2222,1644,650,0,1720,2821,785,200,939,0,1229,543,395,1711,841,547,87,188,151
20/12/2014,15,1820,391,190,103,2742,4221,0,4668,0,104,65,329,110,231,2244,1946,774,0,1421,3075,830,189,1064,0,1214,530,248,1757,790,477,90,195,221
20/12/2014,16,1723,401,171,99,2727,4015,0,4704,0,133,85,406,98,168,2099,1741,694,0,973,3042,852,195,995,0,1090,547,202,1375,831,509,133,204,165
20/12/2014,17,1938,390,188,65,2480,3675,0,3730,0,116,105,419,148,168,2301,1755,800,0,584,2783,831,210,1038,0,1169,628,160,1498,834,443,133,279,182
20/12/2014,18,1415,474,159,107,2323,3156,0,3136,0,139,89,454,144,166,2210,1658,817,0,456,2524,780,175,1140,0,1322,872,141,1184,901,716,149,264,245
20/12/2014,19,1287,413,168,68,2352,2866,0,2481,0,85,90,446,142,156,2601,1511,706,0,348,2137,499,125,1200,0,1274,986,98,1732,951,865,106,217,229
20/12/2014,20,1163,321,82,72,2272,3437,0,2752,0,75,68,487,159,120,1932,1617,807,0,379,2042,437,175,1024,0,1300,825,106,960,992,1118,80,163,134
20/12/2014,21,1020,327,113,54,2545,4050,0,2593,0,65,65,261,120,60,2052,1468,733,0,309,2224,429,112,1118,0,1059,861,82,652,939,1176,75,165,107
20/12/2014,22,807,280,149,71,2400,3385,0,1945,0,88,71,225,75,64,2647,1382,645,0,240,2031,565,154,1059,0,857,840,77,1622,1001,1151,103,232,156
20/12/2014,23,612,180,107,91,1777,1715,0,761,0,48,72,139,47,53,1268,875,448,0,302,1278,523,145,951,0,607,607,79,576,929,832,71,129,130
21/12/2014,0,322,91,65,69,971,1465,0,335,0,30,47,150,41,33,651,561,354,0,165,838,307,109,771,0,387,463,34,300,801,453,19,57,46
21/12/2014,1,200,57,54,62,545,628,0,164,0,28,16,38,12,11,337,299,166,0,135,355,102,74,807,0,241,428,30,145,741,252,9,16,44
21/12/2014,2,131,23,14,30,364,420,0,93,0,9,16,19,3,9,178,157,70,0,79,218,66,59,506,0,160,245,23,71,416,72,4,21,16
21/12/2014,3,63,19,15,24,241,310,0,105,0,7,4,15,0,4,107,114,55,0,76,151,44,29,492,0,129,173,20,73,415,71,4,5,15
21/12/2014,4,39,18,13,22,122,207,0,74,0,2,4,5,3,3,80,106,48,0,63,153,57,25,560,0,69,87,18,50,288,42,2,8,7
21/12/2014,5,36,19,9,21,120,115,0,38,0,5,0,5,0,3,70,73,34,0,64,98,31,24,160,0,25,36,7,79,205,14,9,13,14
21/12/2014,6,33,23,16,17,120,142,0,46,0,13,8,28,7,21,84,78,55,0,59,126,122,11,91,0,29,37,10,82,132,13,14,13,18
21/12/2014,7,94,47,23,23,207,259,0,108,0,32,9,69,14,45,149,144,125,0,159,303,276,51,108,0,40,30,28,282,140,31,18,36,27
21/12/2014,8,168,94,47,44,372,449,0,239,0,53,32,139,16,93,295,313,246,0,379,590,402,70,126,0,165,62,82,428,220,67,37,61,56
21/12/2014,9,275,150,103,66,562,1009,0,835,0,57,50,260,29,119,575,557,288,0,679,886,502,149,196,0,174,111,178,943,243,115,61,98,130
21/12/2014,10,579,230,136,64,953,1836,0,1856,0,92,69,318,59,165,1055,1034,480,0,1054,1589,580,98,287,0,346,288,247,1253,408,126,60,106,152
21/12/2014,11,903,274,143,82,716,2558,0,2907,0,97,45,388,73,169,1753,1267,633,0,1367,2090,634,124,530,0,639,388,309,2036,524,260,60,118,170
21/12/2014,12,1104,308,139,85,1603,3170,0,3380,0,77,58,368,125,171,1803,1342,445,0,1583,2130,670,129,599,0,1087,556,409,2139,757,298,68,123,114
21/12/2014,13,1303,325,154,102,2225,3575,0,3515,0,91,44,428,83,171,1955,1482,560,0,1683,2366,661,114,670,0,1392,594,348,2231,752,418,100,171,109
21/12/2014,14,1316,352,178,100,2475,3702,0,3793,0,95,66,375,76,177,1925,1577,621,0,1497,2397,651,151,754,0,1403,399,312,2083,773,537,86,150,122
21/12/2014,15,1389,283,119,124,2318,3700,0,4015,0,89,52,347,61,186,1888,1623,592,0,1288,2425,792,112,810,0,1218,367,257,1730,756,700,68,154,122
21/12/2014,16,1513,257,137,68,2437,3155,0,3480,0,117,81,412,78,131,1816,1397,541,0,776,2395,701,129,752,0,1023,318,152,1792,742,681,77,185,112
21/12/2014,17,1452,232,148,89,2165,2806,0,2948,0,88,81,458,114,134,1696,1519,627,0,407,2169,701,148,786,0,1043,385,89,1239,712,688,83,155,93
21/12/2014,18,1183,231,106,72,2113,2404,0,2431,0,117,87,421,103,100,1453,1286,591,0,310,1969,554,126,802,0,1179,526,90,1170,705,852,56,131,155
21/12/2014,19,1162,194,82,79,1752,2229,0,2109,0,72,78,512,148,108,1307,1261,545,0,284,1854,542,124,942,0,1147,671,84,558,691,1189,50,122,112
21/12/2014,20,992,163,72,76,1870,2710,0,2243,0,79,76,473,146,127,1530,1374,574,0,301,1748,433,122,920,0,1150,634,91,496,697,1584,30,146,91
21/12/2014,21,843,185,91,72,1897,4093,0,1985,0,61,75,338,91,107,1815,1423,645,0,330,1867,358,107,904,0,951,625,94,680,736,1494,51,99,74
21/12/2014,22,603,144,63,34,1521,2507,0,1198,0,55,58,152,71,49,1143,1069,520,0,201,1333,244,79,720,0,529,388,65,836,613,1063,40,98,63
21/12/2014,23,293,90,32,40,1002,890,0,404,0,29,42,93,15,8,601,500,318,0,185,855,201,60,411,0,343,147,48,259,695,702,18,54,57
22/12/2014,0,118,32,13,47,457,324,0,113,0,11,18,34,9,8,192,197,100,0,120,257,66,25,226,0,133,93,18,115,663,281,10,22,19
22/12/2014,1,59,17,6,22,173,126,0,30,0,2,18,8,4,5,85,91,45,0,81,96,22,19,171,0,103,33,18,45,570,70,1,7,8
22/12/2014,2,40,10,6,5,53,56,0,12,0,1,2,2,2,3,28,69,27,0,47,63,9,4,100,0,52,11,14,20,394,45,1,4,15
22/12/2014,3,25,5,3,12,55,51,0,25,0,3,5,6,1,0,27,29,14,0,35,44,13,5,104,0,23,25,13,27,153,19,2,3,8
22/12/2014,4,16,13,2,6,30,39,0,5,0,5,1,5,0,0,41,45,54,0,28,52,15,8,50,0,18,7,4,56,169,7,6,4,12
22/12/2014,5,23,42,23,75,80,73,0,25,0,38,13,11,3,15,79,85,60,0,48,107,136,26,44,0,5,10,5,97,234,8,16,14,7
22/12/2014,6,58,171,124,464,166,180,0,62,0,242,55,48,8,76,190,313,151,0,117,452,502,100,76,0,31,32,25,179,74,34,38,24,71
22/12/2014,7,231,532,561,1621,339,441,0,191,0,824,198,126,19,137,508,792,366,0,242,1067,1394,322,142,0,66,51,57,447,122,69,125,92,150
22/12/2014,8,426,1371,1321,3582,551,934,0,552,0,1776,276,242,41,247,955,1570,751,0,420,1981,2503,682,254,0,161,112,99,935,200,173,251,218,378
22/12/2014,9,515,898,828,1560,767,1606,0,1182,0,819,196,192,31,158,755,1058,435,0,523,1565,1662,446,310,0,230,140,103,663,272,151,233,146,401
22/12/2014,10,765,639,440,734,1180,2686,0,2329,0,418,193,201,46,159,1065,1139,420,0,709,1927,1336,357,389,0,425,271,122,750,421,239,117,135,307
22/12/2014,11,1093,655,470,592,756,3697,0,4000,0,373,192,215,72,205,1526,1501,607,0,968,2459,1261,421,642,0,691,446,175,1015,581,310,130,164,323
22/12/2014,12,1706,1278,647,859,1994,4781,0,5221,0,814,321,375,97,635,1965,2322,748,0,1432,3129,1785,554,1263,0,1195,805,248,1246,1211,561,242,257,832
22/12/2014,13,1833,1342,634,846,2733,5183,0,5583,0,706,273,352,97,547,1860,2166,785,0,1335,3551,1692,549,1446,0,1300,850,247,1265,1244,622,211,210,735
22/12/2014,14,1893,760,505,695,2630,4919,0,4819,0,452,183,298,116,321,1996,1940,751,0,1202,3210,1282,449,987,0,1160,703,204,1260,865,503,164,152,409
22/12/2014,15,1848,619,529,883,2710,4577,0,4692,0,506,189,402,94,245,1768,2059,891,0,1064,3277,1532,343,1036,0,1009,525,189,1305,827,601,154,183,300
22/12/2014,16,1848,693,818,1750,2610,4297,0,4362,0,1113,286,272,69,243,1883,1952,843,0,749,3315,2169,432,949,0,942,538,145,1211,956,397,242,172,291
22/12/2014,17,2000,994,1260,2750,2540,4210,0,4151,0,1355,394,420,106,392,2316,2310,1220,0,644,3888,2730,507,1018,0,1033,646,166,1569,1005,384,337,214,383
22/12/2014,18,1605,554,552,989,2410,3380,0,3311,0,466,219,355,87,264,1598,1715,794,0,460,2996,1426,320,1065,0,1299,853,143,737,962,464,146,161,250
22/12/2014,19,1210,296,239,365,2103,2858,0,2597,0,177,128,317,97,132,1214,1435,642,0,390,2279,769,173,882,0,1200,928,101,485,880,696,57,135,183
22/12/2014,20,1105,355,126,192,1952,3310,0,2894,0,126,54,271,87,99,1382,1362,545,0,296,2054,517,112,890,0,1151,765,73,427,812,802,60,138,139
22/12/2014,21,890,215,105,147,1993,4147,0,2470,0,69,44,259,70,77,1446,1324,407,0,263,1879,474,126,783,0,894,563,91,359,902,849,46,140,109
22/12/2014,22,556,125,72,92,1473,2286,0,1169,0,47,44,166,47,67,944,861,387,0,222,1279,251,71,609,0,596,457,41,271,617,514,27,88,63
22/12/2014,23,283,100,49,57,866,792,0,395,0,41,15,49,14,17,540,540,271,0,130,755,190,57,396,0,362,153,32,125,369,222,22,36,35
23/12/2014,0,182,27,26,58,399,322,0,169,0,16,9,27,15,11,205,218,101,0,96,340,86,24,231,0,121,79,23,77,201,104,13,10,24
23/12/2014,1,39,32,11,27,169,96,0,52,0,5,10,10,1,3,65,68,31,0,97,90,29,11,181,0,77,40,22,16,117,54,6,12,14
23/12/2014,2,32,26,0,6,51,52,0,17,0,3,8,8,0,0,14,31,7,0,41,47,12,13,91,0,44,15,5,18,46,29,2,1,14
23/12/2014,3,28,18,5,13,22,48,0,32,0,2,2,12,3,0,35,37,23,0,30,27,10,6,52,0,15,4,6,25,47,3,6,4,9
23/12/2014,4,16,6,4,4,23,44,0,17,0,17,3,3,0,4,41,30,54,0,35,40,19,2,67,0,5,24,9,38,48,8,6,4,5
23/12/2014,5,16,37,27,87,73,83,0,19,0,137,10,22,2,21,79,75,74,0,93,127,134,18,29,0,6,9,11,79,24,4,9,13,17
23/12/2014,6,52,133,114,426,190,171,0,48,0,296,73,48,6,64,223,296,141,0,253,400,569,92,56,0,33,16,76,188,37,21,33,22,75
23/12/2014,7,199,511,555,1583,359,498,0,262,0,828,234,161,19,143,462,779,352,0,478,1030,1413,281,124,0,91,56,148,417,97,72,108,82,164
23/12/2014,8,471,1281,1337,3490,627,925,0,694,0,1802,325,234,46,280,971,1517,695,0,656,1816,2481,623,259,0,247,133,264,809,194,178,301,182,371
23/12/2014,9,469,825,709,1490,786,1562,0,1270,0,843,253,220,34,150,779,1043,390,0,958,1542,1526,455,257,0,272,140,261,551,270,177,195,129,347
23/12/2014,10,732,651,473,646,1143,2521,0,2329,0,350,153,209,28,155,1033,1255,450,0,1275,2009,1305,294,458,0,420,246,304,680,447,253,104,126,335
23/12/2014,11,1092,590,447,710,1674,3448,0,3526,0,404,151,280,44,350,1477,1703,646,0,1628,2524,1177,352,652,0,707,374,398,948,633,229,127,131,302
23/12/2014,12,1607,1306,629,956,2530,4717,0,5080,0,764,350,490,93,529,2081,2414,808,0,2340,2935,1670,472,1150,0,1250,809,508,1307,1187,573,188,220,735
23/12/2014,13,1758,1100,555,855,2602,4841,0,5450,0,742,263,359,98,479,1867,2320,723,0,2397,3351,1675,500,1261,0,1253,776,452,1329,1145,559,186,247,679
23/12/2014,14,1745,599,436,673,2529,4827,0,4751,0,504,198,253,52,315,1998,1984,738,0,1669,3213,1334,309,1041,0,1091,621,315,1141,942,476,136,153,354
23/12/2014,15,1798,577,498,1001,2421,4398,0,4428,0,669,192,272,60,260,1910,1744,855,0,1215,3247,1440,372,973,0,936,527,256,1178,777,580,131,137,223
23/12/2014,16,1738,608,802,1737,2510,4510,0,4245,0,1119,280,308,72,330,1955,1981,928,0,917,3263,2211,401,948,0,1016,513,169,1266,845,347,241,196,240
23/12/2014,17,1906,667,974,2215,2569,4389,0,3971,0,1115,346,242,71,340,2091,2217,1115,0,630,3580,2414,382,910,0,1124,599,152,1195,886,374,278,183,317
23/12/2014,18,1582,421,415,721,2356,3397,0,3259,0,365,198,254,48,191,1444,1573,731,0,467,2817,1296,221,878,0,1271,666,105,746,844,462,84,143,194
23/12/2014,19,1353,254,197,324,2079,2794,0,2757,0,198,129,282,58,156,1308,1340,607,0,374,2139,770,159,872,0,1226,787,88,510,907,642,58,120,133
23/12/2014,20,1121,238,144,211,1869,3480,0,2656,0,109,93,175,51,88,1284,1289,606,0,281,1896,465,153,781,0,1084,732,79,514,797,578,49,115,75
23/12/2014,21,928,155,135,132,2060,4024,0,2438,0,68,73,173,35,73,1359,1247,455,0,220,1761,375,107,799,0,918,650,80,502,675,661,48,86,94
23/12/2014,22,637,155,96,106,1571,2566,0,1313,0,60,37,140,35,46,1319,869,458,0,218,1222,292,111,554,0,666,384,62,658,548,416,30,51,97
23/12/2014,23,351,71,50,52,961,916,0,479,0,30,23,76,16,22,518,625,374,0,172,686,253,64,444,0,409,239,45,186,366,228,15,25,43
24/12/2014,0,136,34,13,35,335,329,0,131,0,15,3,22,7,7,229,219,117,0,112,330,85,50,360,0,191,117,33,87,216,106,7,27,22
24/12/2014,1,92,20,15,22,173,124,0,47,0,6,8,20,10,4,88,106,53,0,83,119,17,30,254,0,137,83,8,30,157,59,2,6,16
24/12/2014,2,31,14,0,7,80,59,0,16,0,0,5,6,0,8,37,62,33,0,48,54,16,13,91,0,52,32,13,16,97,47,3,10,6
24/12/2014,3,22,4,8,27,67,53,0,30,0,4,0,9,0,1,55,20,12,0,47,44,5,6,74,0,24,24,11,36,58,20,1,9,3
24/12/2014,4,30,7,0,8,26,45,0,14,0,7,11,9,0,1,43,49,63,0,42,29,20,15,57,0,14,5,4,48,40,7,5,9,9
24/12/2014,5,19,26,16,68,62,86,0,43,0,32,9,11,2,19,68,68,70,0,191,116,127,18,64,0,14,1,64,63,27,15,9,7,16
24/12/2014,6,54,111,101,320,200,170,0,67,0,169,55,41,5,67,155,236,126,0,372,389,436,73,67,0,37,23,317,184,40,21,24,29,86
24/12/2014,7,154,394,369,1187,312,413,0,213,0,617,183,115,27,136,357,637,265,0,542,1001,1068,237,113,0,76,36,265,374,89,65,63,71,146
24/12/2014,8,345,842,912,2350,500,894,0,663,0,1134,211,205,38,212,745,1065,474,0,798,1595,1767,394,241,0,194,77,292,852,134,143,194,135,285
24/12/2014,9,515,655,540,1013,834,1647,0,1399,0,533,131,165,20,135,877,908,368,0,966,1476,1156,253,329,0,296,168,245,818,315,231,176,131,374
24/12/2014,10,656,582,317,525,1120,2552,0,2412,0,274,116,164,26,174,1185,1106,441,0,1225,1765,972,240,494,0,408,271,268,897,458,242,105,132,278
24/12/2014,11,1065,488,353,538,1037,3333,0,3313,0,411,145,214,66,229,1452,1466,541,0,1416,2411,997,299,672,0,649,438,312,976,646,199,100,143,283
24/12/2014,12,1633,759,655,851,2083,4244,0,4553,0,860,236,319,67,413,1842,1948,726,0,1723,2964,1591,382,1061,0,1188,765,288,1239,948,479,190,175,458
24/12/2014,13,1777,653,563,942,2628,4787,0,4870,0,668,141,292,101,341,1847,2087,678,0,1621,3417,1618,345,1246,0,1278,769,337,1348,939,475,187,156,367
24/12/2014,14,1976,454,573,910,2774,4810,0,4905,0,594,197,364,124,321,1891,2090,874,0,1489,3655,1397,353,1130,0,1151,570,312,1401,938,412,159,174,229
24/12/2014,15,1876,413,469,773,2757,4586,0,4829,0,492,187,379,82,269,1844,1848,732,0,1306,3506,1350,272,1056,0,1131,487,208,1314,801,442,114,220,214
24/12/2014,16,1810,335,295,712,2690,4088,0,4192,0,342,234,256,60,250,1698,1666,777,0,823,3571,1284,227,1070,0,1104,428,154,988,746,334,80,164,152
24/12/2014,17,1735,320,194,496,2423,3596,0,3321,0,201,189,236,52,176,1714,1597,707,0,599,3288,1143,249,1041,0,1152,567,112,925,713,315,83,124,123
24/12/2014,18,1643,196,101,266,2699,2980,0,2580,0,105,103,306,48,104,1387,1331,553,0,546,2742,801,142,1010,0,1291,701,96,570,711,405,45,115,95
24/12/2014,19,1299,189,74,131,2692,2458,0,1691,0,94,83,258,77,96,1541,1184,534,0,455,2123,515,128,1028,0,1164,769,110,522,723,515,47,109,105
24/12/2014,20,1127,129,77,101,2263,2908,0,1552,0,55,71,316,82,76,1639,1164,554,0,379,2068,365,109,989,0,1127,850,65,438,744,612,47,115,91
24/12/2014,21,1052,118,46,104,2146,4321,0,1721,0,37,58,172,67,73,2041,1255,666,0,270,2046,334,106,990,0,915,742,61,489,640,641,31,120,60
24/12/2014,22,751,171,80,74,2214,3750,0,1355,0,44,39,119,48,26,1798,1304,583,0,181,1797,417,145,917,0,925,457,42,554,668,535,41,128,91
24/12/2014,23,555,97,47,77,1543,1889,0,743,0,29,21,66,14,39,1605,861,489,0,174,1196,221,67,758,0,526,259,43,1020,418,357,42,95,47
25/12/2014,0,306,38,19,56,833,827,0,351,0,13,4,27,3,26,556,498,256,0,108,685,146,45,415,0,290,158,33,157,288,167,16,21,17
25/12/2014,1,192,117,26,37,549,378,0,109,0,9,12,10,0,8,280,321,103,0,115,390,55,34,233,0,195,57,16,142,188,85,8,38,4
25/12/2014,2,85,19,8,26,258,168,0,100,0,8,4,5,4,27,76,117,99,0,44,122,42,13,229,0,101,44,22,39,148,26,4,12,14
25/12/2014,3,76,14,4,22,276,125,0,42,0,4,1,0,4,0,76,81,68,0,47,116,17,11,153,0,96,31,7,20,76,11,0,0,5
25/12/2014,4,33,2,0,11,96,70,0,25,0,2,4,6,0,1,59,123,50,0,60,131,27,11,117,0,19,20,8,38,63,27,4,6,0
25/12/2014,5,28,12,10,7,55,51,0,23,0,8,7,0,0,3,54,66,53,0,25,75,46,6,93,0,11,4,4,53,37,2,3,7,2
25/12/2014,6,35,15,5,19,68,87,0,35,0,11,7,18,3,10,75,39,28,0,30,77,96,20,62,0,11,22,6,52,53,2,8,22,9
25/12/2014,7,62,35,11,8,116,105,0,44,0,22,17,30,9,37,95,78,50,0,31,121,198,25,32,0,46,24,10,72,42,21,19,25,12
25/12/2014,8,79,76,45,25,257,192,0,96,0,25,26,68,16,33,129,125,64,0,88,176,268,48,62,0,62,25,36,47,57,34,29,34,60
25/12/2014,9,157,96,58,47,359,406,0,186,0,28,29,80,17,37,294,214,112,0,130,399,443,60,140,0,121,132,30,140,127,68,50,69,92
25/12/2014,10,292,151,88,48,874,886,0,431,0,67,24,187,27,51,510,342,189,0,228,715,561,107,364,0,346,314,57,196,256,63,46,95,117
25/12/2014,11,412,173,69,72,543,1346,0,780,0,61,54,258,74,69,1000,583,320,0,225,1054,602,140,588,0,775,493,42,440,392,85,62,82,102
25/12/2014,12,566,222,74,60,1188,1765,0,941,0,61,66,278,50,83,1266,662,391,0,266,1144,545,143,705,0,1052,808,66,437,490,152,59,177,118
25/12/2014,13,687,140,60,54,1927,2096,0,1018,0,54,60,319,126,60,1524,752,436,0,248,1422,444,93,800,0,1277,789,56,560,526,190,41,117,69
25/12/2014,14,722,156,60,74,2150,2140,0,1182,0,69,45,367,132,109,1604,975,529,0,267,1515,585,117,758,0,1189,627,58,554,631,158,68,135,127
25/12/2014,15,714,219,53,84,2195,2240,0,1346,0,54,48,325,112,106,1558,1010,625,0,257,1369,502,139,956,0,1191,458,39,584,494,204,39,185,94
25/12/2014,16,803,195,69,83,2132,2038,0,982,0,53,37,338,118,83,1634,1049,612,0,226,1462,577,106,795,0,1024,343,31,607,431,200,79,127,89
25/12/2014,17,706,234,50,90,2052,1941,0,956,0,74,60,320,117,100,1527,1079,669,0,203,1415,724,134,898,0,1091,515,53,481,429,308,33,89,48
25/12/2014,18,769,144,46,71,2128,1978,0,838,0,65,83,375,122,83,1294,1035,665,0,256,1265,563,89,919,0,1198,746,46,381,555,293,48,52,88
25/12/2014,19,648,144,54,96,2194,2172,0,996,0,75,48,337,116,91,1618,1131,657,0,245,1324,578,102,1029,0,1299,938,59,374,487,396,25,79,106
25/12/2014,20,611,129,37,88,2123,2954,0,1139,0,47,53,157,50,39,1559,1243,798,0,288,1274,477,115,1004,0,1242,765,59,289,542,414,47,118,75
25/12/2014,21,439,101,45,80,1968,3797,0,1383,0,63,30,96,33,54,1489,1114,775,0,244,1445,406,153,873,0,1006,635,43,248,474,369,28,73,60
25/12/2014,22,326,56,40,61,1491,2737,0,972,0,29,32,36,13,24,1014,923,577,0,150,1130,253,101,650,0,705,480,50,243,488,290,20,43,54
25/12/2014,23,80,13,25,51,601,723,0,287,0,14,8,11,3,6,203,239,238,0,63,401,205,47,356,0,211,181,20,77,276,100,6,11,12
26/12/2014,0,82,12,0,30,299,210,0,111,0,15,11,31,7,7,92,128,86,0,47,236,83,19,236,0,110,78,22,42,219,14,7,9,25
26/12/2014,1,45,9,6,22,146,154,0,90,0,4,6,3,0,2,49,81,64,0,52,98,33,14,126,0,75,71,18,20,120,6,1,3,10
26/12/2014,2,31,1,2,19,98,117,0,41,0,0,0,12,2,1,36,88,45,0,33,60,18,5,174,0,43,27,3,23,73,3,3,14,10
26/12/2014,3,18,5,0,1,69,105,0,68,0,3,3,14,1,0,45,36,28,0,24,60,15,8,133,0,22,62,5,42,50,8,3,5,4
26/12/2014,4,23,0,2,8,73,150,0,100,0,3,1,0,0,0,43,48,73,0,36,121,19,4,169,0,28,56,2,46,115,21,7,11,2
26/12/2014,5,39,11,4,10,229,158,0,158,0,13,4,13,1,0,39,61,77,0,21,116,30,14,175,0,38,75,3,52,135,2,2,4,3
26/12/2014,6,72,22,7,12,359,356,0,406,0,32,8,28,3,10,64,99,87,0,39,258,137,24,130,0,71,163,4,64,86,11,10,19,28
26/12/2014,7,106,50,29,27,549,671,0,766,0,47,19,25,2,57,147,250,180,0,97,491,292,70,185,0,142,78,13,129,178,23,24,41,50
26/12/2014,8,386,119,52,45,894,1503,0,1624,0,73,32,153,26,104,344,542,314,0,217,1038,353,105,215,0,240,79,28,213,282,37,71,91,79
26/12/2014,9,696,267,110,61,1300,2934,0,2944,0,80,30,139,46,182,603,780,521,0,319,1678,624,159,353,0,432,173,76,378,369,93,155,134,175
26/12/2014,10,1128,261,81,63,1991,4037,0,4248,0,112,62,175,33,239,1006,1156,612,0,483,2250,723,178,555,0,804,440,123,651,565,138,127,158,110
26/12/2014,11,1597,298,81,83,1217,4470,0,5249,0,121,46,217,68,282,1138,1494,665,0,642,2370,757,154,952,0,1225,634,152,788,830,173,76,128,98
26/12/2014,12,1985,245,124,56,2584,5015,0,5832,0,112,43,295,78,325,1476,1573,639,0,649,2665,721,163,1092,0,1656,851,128,924,1161,232,70,118,94
26/12/2014,13,2403,316,134,113,4051,5080,0,5902,0,108,51,304,73,301,1640,1815,795,0,664,3185,757,212,1304,0,1927,1009,110,1103,1305,342,55,167,131
26/12/2014,14,2647,291,167,81,4006,5323,0,6207,0,136,30,453,117,364,1723,1897,862,0,674,3417,776,222,1392,0,1774,797,109,1128,1218,412,64,121,100
26/12/2014,15,2493,339,147,105,3872,5476,0,5844,0,102,60,426,112,360,1896,2211,1047,0,573,3618,845,225,1467,0,1581,722,107,1162,1048,435,75,163,152
26/12/2014,16,2623,286,124,82,3603,4870,0,5601,0,132,73,340,120,303,1686,1943,864,0,519,3545,826,258,1331,0,1486,636,102,939,956,419,85,182,140
26/12/2014,17,2078,349,144,85,3252,4300,0,4961,0,112,46,388,98,256,1622,1807,800,0,448,3336,794,204,1306,0,1494,668,113,762,932,541,182,287,129
26/12/2014,18,1865,336,90,93,2966,3973,0,4152,0,122,94,366,86,258,1547,1682,822,0,345,2873,828,317,1396,0,1459,855,70,553,1087,579,141,242,153
26/12/2014,19,1559,168,110,90,2526,3160,0,3003,0,105,87,342,89,181,1311,1479,593,0,370,2337,583,208,1359,0,1498,1044,93,466,951,894,86,225,124
26/12/2014,20,1268,248,51,58,2451,2793,0,2333,0,82,50,257,58,129,1317,1307,628,0,320,2178,489,205,1236,0,1464,1038,72,395,1044,970,41,162,108
26/12/2014,21,1017,142,66,68,2241,2323,0,1518,0,80,60,213,69,92,1308,1224,548,0,254,1925,438,181,1113,0,1313,858,58,387,889,964,55,120,82
26/12/2014,22,727,110,70,68,2055,1552,0,835,0,62,32,116,26,28,1112,1049,439,0,240,1433,297,119,905,0,1036,598,87,249,852,717,51,107,60
26/12/2014,23,444,73,44,67,1350,892,0,397,0,31,26,36,12,13,594,715,365,0,188,884,193,90,545,0,516,318,57,195,554,435,27,45,26
27/12/2014,0,232,37,22,49,701,504,0,157,0,16,12,27,3,18,279,249,164,0,111,469,105,44,367,0,276,187,32,63,401,315,14,20,32
27/12/2014,1,97,11,6,21,319,226,0,111,0,3,10,8,1,12,122,147,108,0,91,201,56,22,272,0,143,119,12,68,260,82,11,14,28
27/12/2014,2,61,16,13,25,240,151,0,49,0,6,2,12,6,3,81,74,36,0,54,155,19,24,174,0,106,26,9,35,232,33,1,2,7
27/12/2014,3,33,8,3,17,157,139,0,33,0,11,12,3,0,1,34,65,32,0,68,88,35,8,130,0,40,37,15,26,154,35,4,2,9
27/12/2014,4,25,20,5,15,59,87,0,23,0,6,4,1,1,0,46,51,39,0,73,78,35,21,72,0,24,10,2,31,86,24,4,1,3
27/12/2014,5,18,9,8,8,51,82,0,30,0,10,9,19,1,1,53,52,67,0,63,65,39,17,93,0,21,10,15,37,54,4,7,6,7
27/12/2014,6,35,48,5,17,81,90,0,49,0,19,6,24,3,24,43,95,74,0,89,176,162,28,86,0,18,16,28,63,35,5,20,25,9
27/12/2014,7,89,63,15,24,228,232,0,98,0,40,40,69,15,68,121,147,102,0,233,337,204,56,65,0,61,34,81,94,93,26,37,42,70
27/12/2014,8,154,112,46,53,376,493,0,292,0,66,63,85,21,81,266,294,196,0,395,603,380,84,150,0,121,98,152,218,106,47,42,68,90
27/12/2014,9,224,195,105,62,586,1181,0,850,0,78,68,152,45,126,650,618,418,0,719,1204,749,187,235,0,268,129,200,366,230,99,110,146,122
27/12/2014,10,576,253,128,131,938,1995,0,1807,0,86,58,309,79,152,940,945,507,0,1062,1712,682,155,362,0,438,275,293,637,428,149,161,178,198
27/12/2014,11,843,297,129,160,627,2808,0,2827,0,73,78,418,97,198,1529,1301,560,0,1445,2146,736,198,546,0,821,473,354,1179,542,235,137,183,163
27/12/2014,12,1174,344,135,144,1284,3478,0,3569,0,90,68,467,149,271,1864,1448,607,0,1741,2302,686,220,721,0,1218,707,407,1169,679,421,111,152,98
27/12/2014,13,1452,278,178,169,2082,4082,0,4112,0,87,77,504,181,213,2109,1625,655,0,1736,2677,638,188,911,0,1346,774,389,1589,895,536,100,175,100
27/12/2014,14,1666,378,172,120,2546,4106,0,4505,0,90,60,574,184,264,2168,1807,747,0,1494,2921,685,229,987,0,1265,652,330,1587,817,614,74,154,114
27/12/2014,15,1811,339,154,117,2509,4170,0,4420,0,99,56,515,211,221,2282,1976,870,0,1389,2982,770,179,1055,0,1215,612,276,1592,865,577,110,181,114
27/12/2014,16,1781,389,165,121,2534,3903,0,4413,0,86,52,560,179,217,2118,1801,752,0,839,3374,830,205,1026,0,1142,474,154,1415,823,570,92,233,128
27/12/2014,17,1695,339,163,132,2345,3423,0,3424,0,114,109,474,171,191,2188,1829,788,0,406,2959,763,269,1075,0,1135,617,121,1222,779,655,120,236,153
27/12/2014,18,1395,405,150,77,2533,2930,0,2461,0,126,95,571,179,211,2088,1768,749,0,393,2707,884,206,1145,0,1294,869,143,824,857,837,204,397,117
27/12/2014,19,1292,287,94,95,2615,2471,0,1486,0,95,67,567,183,144,1803,1444,630,0,396,2206,572,186,1119,0,1415,1105,107,611,1047,1057,92,251,141
27/12/2014,20,1169,298,117,81,2371,1986,0,971,0,123,80,645,133,101,1672,1412,608,0,360,1854,487,137,1109,0,1418,990,87,519,989,1569,53,123,108
27/12/2014,21,947,184,95,59,2041,2152,0,926,0,78,63,394,120,101,1611,1356,485,0,292,1855,379,169,1088,0,1118,809,62,441,892,1430,86,241,98
27/12/2014,22,699,178,76,73,1826,1587,0,556,0,80,72,280,55,63,1359,1316,534,0,255,1516,435,165,1066,0,847,689,62,494,1021,1174,73,130,102
27/12/2014,23,442,137,54,66,1374,1036,0,349,0,35,36,108,28,29,808,754,384,0,195,1095,358,113,889,0,540,478,39,273,900,670,32,122,47
28/12/2014,0,312,64,20,44,806,572,0,192,0,23,16,27,8,12,443,430,269,0,158,602,229,42,689,0,377,396,34,138,608,397,33,45,63
28/12/2014,1,164,19,12,29,507,410,0,162,0,7,24,21,6,14,189,238,134,0,189,264,70,44,583,0,217,175,21,55,497,147,7,13,32
28/12/2014,2,93,22,20,23,242,255,0,65,0,12,13,5,1,6,120,172,68,0,108,190,33,47,412,0,157,179,18,51,364,53,3,21,16
28/12/2014,3,83,13,4,16,220,195,0,84,0,6,9,17,4,4,69,93,49,0,76,127,25,9,434,0,71,183,9,42,374,23,4,16,12
28/12/2014,4,49,14,6,18,65,144,0,54,0,14,0,1,1,6,52,59,49,0,52,148,36,36,347,0,32,84,18,36,202,23,1,10,3
28/12/2014,5,22,15,9,17,61,84,0,44,0,6,8,5,1,5,61,69,39,0,45,91,52,14,266,0,30,22,6,50,189,12,4,11,15
28/12/2014,6,22,30,12,12,90,82,0,49,0,15,7,23,1,13,93,66,50,0,90,133,78,26,97,0,34,26,19,79,116,18,17,23,31
28/12/2014,7,78,34,16,28,198,200,0,86,0,35,16,36,20,57,138,161,95,0,180,291,256,48,77,0,59,43,29,126,106,33,47,46,85
28/12/2014,8,114,111,31,32,341,322,0,214,0,42,26,121,35,87,277,276,159,0,301,501,440,100,134,0,100,71,61,186,104,73,49,80,55
28/12/2014,9,223,227,105,66,568,1005,0,589,0,61,54,213,49,133,532,581,320,0,627,1113,767,152,195,0,190,149,137,382,227,124,130,116,144
28/12/2014,10,527,265,131,124,865,1759,0,1546,0,74,53,274,71,192,1209,868,409,0,1014,1636,641,138,327,0,393,301,235,874,366,151,94,186,151
28/12/2014,11,928,226,117,114,561,2561,0,2472,0,95,72,328,76,214,1635,1202,522,0,1234,1924,644,159,510,0,618,505,337,1316,583,258,117,165,185
28/12/2014,12,1236,382,147,84,1321,2877,0,2788,0,51,86,376,147,234,1747,1258,478,0,1581,2179,661,160,613,0,1117,554,450,1466,696,362,106,207,108
28/12/2014,13,1220,325,104,128,2046,3302,0,3165,0,79,50,527,178,229,2057,1333,534,0,1652,2231,625,183,749,0,1191,590,331,1677,785,504,87,174,123
28/12/2014,14,1261,282,160,122,2057,3508,0,3440,0,80,49,373,193,220,2048,1551,515,0,1451,2387,682,158,709,0,1236,487,293,1672,798,792,94,180,91
28/12/2014,15,1257,290,150,125,2071,3546,0,3666,0,105,55,405,132,193,2086,1713,604,0,1211,2536,681,199,774,0,1216,416,265,1550,693,685,99,189,142
28/12/2014,16,1217,237,171,73,2085,3121,0,3147,0,75,64,272,93,139,1950,1527,540,0,693,2682,835,155,871,0,1130,274,151,1351,759,708,106,228,153
28/12/2014,17,1291,248,118,73,1969,2812,0,2646,0,117,67,303,116,151,1879,1377,544,0,370,2467,824,197,735,0,1075,418,99,1164,835,657,98,201,138
28/12/2014,18,1108,317,141,77,1942,2361,0,1711,0,108,81,452,150,174,1616,1407,579,0,357,2102,793,221,774,0,1106,630,103,613,834,806,150,250,183
28/12/2014,19,1022,221,63,86,2315,2011,0,1184,0,91,74,540,214,97,1425,1088,471,0,330,1858,600,174,924,0,1121,852,122,499,877,1235,57,171,133
28/12/2014,20,1043,248,102,94,2121,1543,0,1014,0,86,58,577,198,106,1378,1198,481,0,300,1723,435,176,1065,0,1092,900,112,456,863,1525,52,201,132
28/12/2014,21,800,154,65,82,1658,1767,0,632,0,52,79,511,194,99,1361,991,358,0,259,1519,413,133,862,0,895,787,78,432,763,1529,60,96,115
28/12/2014,22,513,138,42,59,1276,948,0,325,0,66,45,307,107,66,1064,889,480,0,214,1292,245,119,690,0,671,418,60,277,625,1169,62,101,77
28/12/2014,23,339,67,38,35,841,690,0,167,0,38,43,146,76,34,520,574,313,0,163,694,239,81,442,0,272,168,39,227,678,617,24,64,46
29/12/2014,0,115,17,16,33,437,269,0,97,0,26,16,99,28,22,307,242,143,0,83,306,136,45,306,0,150,68,12,172,711,199,18,54,28
29/12/2014,1,124,10,5,22,168,134,0,43,0,11,10,17,2,4,66,121,61,0,66,93,43,45,219,0,104,41,5,39,696,97,5,5,7
29/12/2014,2,27,12,3,14,74,47,0,21,0,1,0,13,1,2,32,47,21,0,37,60,25,7,103,0,65,45,8,22,677,39,0,0,2
29/12/2014,3,14,1,2,11,51,46,0,21,0,3,4,6,0,0,37,70,24,0,23,61,11,10,79,0,15,12,4,25,307,8,2,4,8
29/12/2014,4,20,8,1,14,63,48,0,14,0,5,1,14,1,2,37,44,41,0,24,41,15,6,63,0,26,17,1,42,249,9,7,7,24
29/12/2014,5,16,25,10,43,52,55,0,11,0,18,5,9,0,7,68,63,55,0,35,86,72,24,55,0,16,0,1,82,254,2,5,7,14
29/12/2014,6,46,76,59,214,135,123,0,51,0,112,40,31,1,33,132,182,111,0,65,339,329,64,84,0,24,16,9,130,45,12,23,24,39
29/12/2014,7,129,278,212,718,297,309,0,144,0,396,121,93,18,99,233,494,192,0,145,682,788,133,93,0,51,38,39,238,103,36,82,59,106
29/12/2014,8,245,505,370,1191,439,598,0,361,0,678,168,152,32,145,472,795,371,0,227,1141,1215,236,153,0,155,74,63,479,150,106,144,112,232
29/12/2014,9,403,500,260,663,715,1244,0,823,0,391,114,192,32,138,759,834,368,0,378,1278,1088,225,278,0,268,169,81,530,295,155,166,163,208
29/12/2014,10,583,558,209,334,1106,2103,0,1717,0,194,86,262,44,151,1301,1183,465,0,552,1908,1089,264,371,0,359,242,113,1019,430,220,128,153,258
29/12/2014,11,956,432,254,348,1509,3139,0,2878,0,212,105,311,119,173,1707,1482,604,0,685,2277,1091,254,609,0,706,518,120,1287,642,261,124,190,222
29/12/2014,12,1387,877,324,405,2030,3938,0,3561,0,363,142,370,97,326,2032,1876,686,0,800,2754,1158,320,990,0,1202,976,115,1634,837,466,123,202,307
29/12/2014,13,1203,831,232,385,1809,4249,0,4262,0,247,121,105,22,220,2075,1651,402,0,669,2501,1145,272,1009,0,1062,778,130,1722,997,401,133,174,290
29/12/2014,14,1463,463,203,266,2137,3915,0,3645,0,180,64,230,55,181,1830,1527,528,0,519,2636,1141,268,971,0,1029,639,75,1609,923,485,113,181,148
29/12/2014,15,1697,413,239,534,2384,4029,0,3699,0,248,136,365,73,186,1831,1820,739,0,528,2928,1087,297,957,0,958,541,96,1597,879,601,135,176,178
29/12/2014,16,1659,464,415,906,2307,3581,0,3449,0,528,198,316,69,221,1781,1723,657,0,553,2855,1424,271,955,0,1019,486,119,1368,817,452,133,206,167
29/12/2014,17,1663,515,474,1017,2139,3141,0,2775,0,571,223,280,109,221,1763,1928,813,0,535,3220,1458,266,898,0,988,664,152,1244,766,473,175,217,186
29/12/2014,18,1361,362,192,353,1997,2524,0,1849,0,207,151,321,94,160,1254,1465,605,0,407,2449,941,186,978,0,1136,794,107,646,841,670,104,183,203
29/12/2014,19,1025,273,81,163,2162,2085,0,1087,0,98,100,228,39,74,1151,1266,451,0,307,1863,582,169,857,0,1099,909,76,462,946,879,70,149,133
29/12/2014,20,872,213,87,113,1854,1483,0,714,0,65,54,347,58,59,970,976,386,0,265,1628,391,131,968,0,910,760,90,448,818,930,51,136,119
29/12/2014,21,704,191,81,123,1593,1333,0,494,0,58,53,278,53,57,944,967,441,0,234,1473,356,125,818,0,839,606,54,332,600,1017,60,124,106
29/12/2014,22,438,88,44,62,1244,898,0,285,0,45,30,133,21,24,712,751,326,0,159,1032,235,93,577,0,540,469,45,232,471,713,27,84,49
29/12/2014,23,268,81,42,61,660,481,0,146,0,31,9,41,21,21,336,464,311,0,149,620,185,82,388,0,224,178,39,185,317,309,26,57,15
30/12/2014,0,161,24,8,30,320,243,0,59,0,23,7,15,5,6,180,221,98,0,128,259,86,41,218,0,181,59,25,82,213,150,13,23,37
30/12/2014,1,57,19,3,12,133,104,0,20,0,17,2,9,0,15,83,65,44,0,77,87,14,11,111,0,53,23,13,29,78,60,4,13,5
30/12/2014,2,35,3,3,7,46,31,0,15,0,2,2,4,0,6,41,53,31,0,33,42,14,2,83,0,32,17,5,25,47,28,2,13,9
30/12/2014,3,20,4,2,6,32,35,0,10,0,2,6,2,0,0,23,35,17,0,20,46,18,11,52,0,10,9,0,29,46,6,0,0,4
30/12/2014,4,16,7,4,3,21,29,0,20,0,5,1,12,4,1,33,10,33,0,25,44,15,2,30,0,8,4,2,38,55,1,4,6,11
30/12/2014,5,23,24,11,32,53,56,0,23,0,19,10,12,1,11,62,57,59,0,52,123,90,10,34,0,16,3,9,57,36,9,8,10,13
30/12/2014,6,39,93,42,208,128,116,0,44,0,109,53,26,2,32,121,171,99,0,115,276,298,56,49,0,29,20,22,103,36,6,29,15,36
30/12/2014,7,99,243,197,684,245,290,0,121,0,390,125,100,33,105,233,367,207,0,280,731,763,191,111,0,42,44,60,236,97,64,74,44,94
30/12/2014,8,225,589,446,1392,431,524,0,385,0,683,142,174,57,151,468,557,336,0,423,1042,1115,278,185,0,138,76,110,494,149,79,163,119,188
30/12/2014,9,368,440,290,580,669,1165,0,814,0,284,125,201,143,99,666,794,331,0,686,1272,965,213,258,0,193,171,154,498,292,117,143,149,205
30/12/2014,10,534,428,184,342,1002,1988,0,1583,0,166,105,279,107,110,1167,874,388,0,1165,1667,1051,235,389,0,335,298,283,801,416,239,107,122,208
30/12/2014,11,897,415,198,355,1191,2877,0,2495,0,189,110,373,240,172,1551,1333,519,0,1692,2147,1068,325,521,0,618,431,342,1182,542,244,125,136,213
30/12/2014,12,1376,768,229,457,2109,3754,0,3523,0,329,178,434,323,302,1908,1820,619,0,1963,2725,1140,351,957,0,1062,774,423,1685,895,448,145,185,317
30/12/2014,13,1517,801,292,446,2493,4130,0,3810,0,291,104,395,348,316,2059,1753,602,0,2018,2949,1003,380,1061,0,1226,913,390,1771,1003,574,137,212,254
30/12/2014,14,1662,498,296,364,2591,4285,0,3966,0,208,90,475,202,250,2245,1780,739,0,1527,3032,1054,388,1028,0,1210,689,293,2006,881,655,106,219,236
30/12/2014,15,1703,457,301,518,2438,4151,0,4293,0,267,165,525,198,243,2096,2040,844,0,1082,3214,1164,320,974,0,1141,550,203,1642,824,571,137,231,183
30/12/2014,16,1673,489,392,945,2586,3985,0,3806,0,536,311,557,189,269,2066,1818,783,0,700,3472,1429,381,1101,0,1066,434,151,1517,769,540,182,221,234
30/12/2014,17,1794,488,467,967,2436,3449,0,3235,0,620,362,813,172,292,1941,1977,853,0,514,3156,1699,336,1069,0,1072,667,154,1204,804,519,181,243,257
30/12/2014,18,1303,433,229,343,2224,2835,0,2314,0,285,255,1066,225,229,1439,1503,660,0,397,2626,1124,255,1044,0,1121,786,115,600,794,718,136,198,311
30/12/2014,19,1235,252,103,207,2300,2165,0,1321,0,138,146,441,103,81,1151,1287,535,0,383,2160,676,188,1061,0,1268,883,116,559,978,885,57,111,167
30/12/2014,20,1026,244,99,132,1963,1719,0,575,0,68,83,295,84,88,1060,1144,500,0,292,1626,415,113,923,0,1077,765,85,424,775,1127,50,150,115
30/12/2014,21,724,177,75,115,1639,1426,0,531,0,87,82,238,81,93,1066,1056,389,0,243,1409,400,137,885,0,768,657,55,359,592,1019,58,99,92
30/12/2014,22,523,96,67,81,1196,1063,0,328,0,89,146,698,95,156,838,837,358,0,265,1109,602,206,651,0,641,485,59,297,520,790,52,100,95
30/12/2014,23,328,122,47,63,830,595,0,166,0,34,38,78,24,48,508,489,338,0,160,737,219,45,438,0,345,199,24,220,364,424,43,67,72
31/12/2014,0,145,51,14,38,452,287,0,89,0,7,20,35,49,8,280,237,171,0,97,283,74,41,305,0,154,123,30,74,202,136,22,35,47
31/12/2014,1,97,21,13,9,138,146,0,40,0,12,1,16,16,7,78,102,60,0,69,109,30,16,159,0,58,32,16,46,180,68,1,8,15
31/12/2014,2,23,4,4,15,73,49,0,43,0,2,4,8,2,1,48,63,33,0,46,52,22,11,88,0,31,15,5,25,77,39,1,5,7
31/12/2014,3,17,6,2,7,22,49,0,27,0,2,3,2,0,0,52,34,13,0,44,49,8,1,77,0,17,12,8,35,45,17,3,6,13
31/12/2014,4,24,10,4,10,43,37,0,12,0,6,3,2,1,2,52,37,42,0,20,29,10,1,38,0,18,16,7,62,35,7,6,2,0
31/12/2014,5,7,20,7,30,65,51,0,14,0,26,6,13,1,10,56,63,63,0,50,83,85,18,26,0,13,7,5,67,13,2,5,10,10
31/12/2014,6,43,86,49,218,129,120,0,51,0,99,42,30,3,26,110,184,88,0,76,295,295,42,54,0,23,14,13,99,39,12,30,20,42
31/12/2014,7,99,231,168,635,248,251,0,133,0,312,104,75,11,105,217,332,208,0,192,638,762,143,123,0,44,36,57,206,97,54,59,49,74
31/12/2014,8,193,481,382,1166,365,469,0,284,0,547,127,148,24,150,469,528,360,0,325,1042,1090,227,131,0,123,61,73,488,116,59,110,110,182
31/12/2014,9,327,427,255,596,594,1029,0,696,0,235,121,168,32,137,557,656,302,0,503,1163,785,244,252,0,158,112,131,556,238,122,132,123,232
31/12/2014,10,529,380,187,303,959,1791,0,1559,0,197,100,284,63,191,974,881,414,0,808,1715,786,260,397,0,350,269,187,698,424,195,86,165,219
31/12/2014,11,833,390,160,307,597,2775,0,2347,0,200,121,434,108,261,1525,1286,600,0,1109,2162,890,334,619,0,651,403,194,1202,568,242,106,183,198
31/12/2014,12,1237,744,295,501,1674,3414,0,3252,0,332,151,460,153,352,1900,1546,565,0,1301,2642,1095,347,870,0,1036,99,250,1556,817,496,196,258,308
31/12/2014,13,1409,556,264,542,2297,3742,0,3611,0,346,149,566,167,331,2409,1828,629,0,1206,3048,1161,326,1049,0,1143,0,226,2221,1003,464,163,199,246
31/12/2014,14,1600,483,320,551,2356,4015,0,3852,0,452,185,599,176,277,2147,1965,734,0,965,3313,1183,339,1046,0,1226,0,199,1771,852,622,189,251,223
31/12/2014,15,1703,436,342,678,2543,3973,0,3833,0,474,198,568,216,281,2256,2018,887,0,697,3492,1251,365,1085,0,1057,0,129,1524,887,654,190,212,227
31/12/2014,16,1598,423,277,604,2469,3984,0,3469,0,389,237,603,197,272,2624,2072,807,0,695,3675,1357,358,1174,0,1047,0,135,1791,762,392,187,292,136
31/12/2014,17,1934,399,198,468,2559,3727,0,2728,0,249,276,809,286,255,3159,1839,754,0,548,3511,1159,378,1206,0,1293,0,126,2638,848,365,139,304,247
31/12/2014,18,1895,340,157,285,3038,3803,0,1828,0,260,250,1323,452,238,3241,1919,855,0,549,2974,1061,303,1274,0,1374,0,113,2893,840,504,148,342,216
31/12/2014,19,1934,370,161,240,3433,3264,0,1320,0,283,309,1817,810,270,1450,2232,973,0,464,2994,1016,353,1609,0,1486,0,88,3227,933,719,166,349,227
31/12/2014,20,1934,394,178,229,3403,2803,0,1175,0,377,226,2789,1270,335,1367,2412,1153,0,433,2988,851,310,1601,0,1263,0,84,2779,1069,681,218,396,243
31/12/2014,21,1630,515,217,320,3100,3253,0,956,0,337,284,3236,1808,408,2129,2495,1322,0,317,3004,759,259,1662,0,1060,737,71,2722,886,674,353,726,247
31/12/2014,22,2095,710,364,407,3785,3846,0,1387,0,479,335,4127,2197,432,1658,2717,621,0,348,3204,899,441,1810,0,1239,817,110,3519,1048,510,344,1257,293
31/12/2014,23,2051,576,242,566,2778,2974,0,673,0,441,355,4330,2671,456,1501,2914,475,0,294,2990,689,234,1551,0,678,547,76,2668,704,353,345,757,357
