Date,Hour,State Library,Collins Place (South),Collins Place (North),Flagstaff Station,Melbourne Central,Town Hall (West),Bourke Street Mall (North),Bourke Street Mall (South),Australia on Collins,Southern Cross Station,Victoria Point,New Quay,Waterfront City,Webb Bridge,Princes Bridge,Flinders St Station Underpass,Sandridge Bridge,Birrarung Marr,QV Market-Elizabeth (West),Flinders St-Elizabeth St (East),Spencer St-Collins St (North),Spencer St-Collins St (South),Bourke St-Russell St (West),Convention/Exhibition Centre,Chinatown-Swanston St (North),Chinatown-Lt Bourke St (South),QV Market-Peel St,Vic Arts Centre
01/01/2014,0,1544,893,404,435,2864,3196,687,936,969,886,1076,4535,3451,672,0,0,445,2842,430,2444,1011,398,2285,2343,632,0,98,2969
01/01/2014,1,1401,224,179,206,3007,3099,727,627,377,333,378,1113,617,226,4414,1394,1050,770,387,2174,866,342,1977,1343,784,430,92,2110
01/01/2014,2,608,127,97,140,1441,1845,403,406,296,169,200,366,193,111,2124,1455,1659,254,249,1851,560,216,1567,665,389,354,62,1068
01/01/2014,3,360,108,74,80,1004,1155,263,280,182,157,292,196,68,62,899,863,972,82,200,1076,342,145,1118,499,228,179,62,359
01/01/2014,4,156,75,33,25,452,550,160,187,74,59,32,43,18,25,536,528,634,41,133,739,227,87,619,119,151,94,32,161
01/01/2014,5,69,20,8,17,186,329,84,69,31,20,30,23,11,6,400,156,259,45,69,305,114,43,288,45,73,78,15,117
01/01/2014,6,48,23,14,21,152,165,49,42,26,12,12,23,4,7,111,113,142,29,61,196,131,26,228,74,37,38,6,51
01/01/2014,7,53,31,14,18,173,160,67,55,53,26,4,33,11,29,69,154,129,32,53,210,207,51,83,61,71,24,4,53
01/01/2014,8,64,50,35,15,205,228,114,117,94,39,19,96,38,43,149,174,112,33,66,270,243,46,63,72,21,38,8,93
01/01/2014,9,100,86,52,36,342,462,271,275,186,70,47,125,51,53,203,247,131,71,112,457,311,112,125,126,91,79,20,143
01/01/2014,10,289,105,88,39,782,936,734,748,594,99,48,218,101,109,492,504,195,104,302,941,504,148,277,283,259,270,34,363
01/01/2014,11,551,210,65,49,1253,1362,1484,1244,831,114,42,344,210,154,895,965,248,209,325,1431,521,102,425,518,434,117,56,547
01/01/2014,12,635,169,106,38,1781,1861,1750,1616,804,116,56,485,306,155,1393,1002,329,153,331,1585,557,142,614,681,615,0,62,784
01/01/2014,13,898,253,120,72,2186,2400,2136,2216,849,110,63,310,158,136,1317,1042,376,220,328,1608,485,143,721,519,852,0,55,1013
01/01/2014,14,1004,209,79,49,2117,2426,2761,2318,860,98,58,138,70,122,1305,975,294,88,256,1747,477,111,759,441,776,0,59,1003
01/01/2014,15,758,211,70,50,1733,2071,2281,1925,719,78,48,56,20,58,995,887,223,30,281,1612,554,142,690,304,544,357,47,693
01/01/2014,16,824,146,78,47,1772,1714,2016,1659,464,88,82,142,63,105,1065,773,329,93,263,1540,312,131,744,557,551,466,41,838
01/01/2014,17,882,163,84,62,1790,1680,1574,1010,381,105,86,133,63,84,930,748,342,52,258,1544,336,77,664,428,586,523,59,350
01/01/2014,18,666,139,85,40,1728,1385,1046,692,317,85,52,179,107,62,645,695,287,52,281,1201,296,107,759,317,748,583,62,263
01/01/2014,19,536,109,59,48,1390,1261,871,421,292,69,61,197,81,53,781,634,342,49,267,1286,207,88,702,202,803,755,56,224
01/01/2014,20,542,162,37,33,1286,929,572,319,178,70,72,192,118,58,745,584,264,34,245,1097,157,132,643,192,716,759,52,207
01/01/2014,21,415,80,40,45,1094,812,367,243,193,58,84,230,95,31,724,551,290,44,181,922,150,109,640,171,563,445,45,182
01/01/2014,22,300,99,31,51,811,572,249,164,159,48,35,146,77,6,540,402,235,36,141,623,146,126,323,113,369,246,44,152
01/01/2014,23,147,49,28,28,449,348,112,82,55,22,26,69,9,17,265,252,192,18,129,363,82,64,226,101,180,111,22,70
02/01/2014,0,85,23,15,9,239,189,81,57,20,29,27,27,9,16,136,134,67,3,103,168,48,28,214,42,82,42,22,59
02/01/2014,1,40,2,0,18,86,75,36,15,9,7,14,6,2,4,41,86,24,1,47,83,3,9,88,22,45,36,14,31
02/01/2014,2,25,2,2,9,52,56,15,12,7,9,6,2,0,1,21,19,15,12,30,48,12,19,42,12,28,6,2,19
02/01/2014,3,24,8,11,11,31,29,17,14,9,12,2,1,2,2,45,19,15,4,23,28,14,5,31,8,15,8,2,27
02/01/2014,4,15,15,3,6,26,53,20,15,4,5,2,5,1,0,36,18,29,6,35,32,11,10,56,7,3,6,9,39
02/01/2014,5,28,32,18,34,51,48,52,28,20,26,5,11,0,10,69,46,44,2,57,92,50,33,113,46,15,4,9,67
02/01/2014,6,55,126,73,224,107,113,57,51,36,147,23,37,12,58,138,196,118,38,110,342,198,75,79,102,22,23,36,148
02/01/2014,7,117,285,244,839,284,310,198,148,214,506,76,106,31,172,346,444,246,152,171,805,607,162,79,235,49,52,47,368
02/01/2014,8,282,681,648,1615,491,693,390,412,493,914,102,194,69,243,813,868,424,236,310,1249,1139,326,216,320,125,67,101,919
02/01/2014,9,340,477,328,718,625,1048,849,952,696,526,76,163,55,124,854,656,244,132,507,1066,770,277,263,279,168,134,88,893
02/01/2014,10,620,415,182,318,1088,1635,1568,1381,1091,315,84,165,73,133,1242,936,355,161,927,1630,919,301,381,423,308,238,179,1226
02/01/2014,11,1091,431,260,326,1193,2676,2372,2499,1598,266,103,299,156,246,1554,1343,488,204,1287,2137,859,342,650,610,518,417,209,1607
02/01/2014,12,1671,1049,346,477,2443,3800,3694,3676,2376,751,159,443,287,489,1781,1769,569,314,1634,2628,1304,382,958,945,1015,785,323,1883
02/01/2014,13,1807,1013,406,499,2471,3723,3551,4298,2577,595,130,480,329,394,2153,1957,644,357,1631,2839,1159,425,987,1073,1046,0,325,1720
02/01/2014,14,1692,463,258,407,2570,3788,3530,3646,2228,321,73,578,357,271,2278,1787,562,415,1466,2701,951,386,1050,1020,921,0,212,1818
02/01/2014,15,1753,441,295,506,2534,3870,3639,3478,1774,411,94,578,358,265,2163,1856,645,394,823,3017,1170,326,907,1101,865,0,148,1740
02/01/2014,16,1788,481,519,1028,2559,3645,3211,3596,1663,806,137,469,282,297,2194,1867,731,393,559,2817,1637,311,997,1126,779,0,129,1540
02/01/2014,17,1722,558,543,1037,2431,3176,2486,3005,1253,928,155,343,220,369,1678,1850,878,410,358,2744,1764,326,877,1016,781,523,153,1092
02/01/2014,18,1404,343,207,301,2019,2527,1862,1799,670,307,76,363,235,185,1232,1363,512,221,333,2161,880,161,889,680,892,675,81,660
02/01/2014,19,897,270,83,166,1799,1763,1387,979,400,124,73,238,166,87,1101,1079,423,126,345,1621,527,150,875,366,872,662,102,446
02/01/2014,20,779,212,86,91,1649,1506,1228,664,263,92,48,281,108,83,928,772,310,70,270,1451,378,109,834,258,746,580,76,359
02/01/2014,21,613,191,84,74,1236,1159,488,362,194,90,57,207,96,46,883,738,345,70,166,1196,183,115,616,245,706,532,74,346
02/01/2014,22,407,138,78,52,904,753,346,236,167,49,25,139,99,30,571,584,321,53,152,834,147,94,521,178,508,520,38,270
02/01/2014,23,267,66,30,51,543,473,161,118,78,38,11,39,29,15,375,359,245,41,125,527,122,72,351,95,215,263,30,167
03/01/2014,0,136,36,6,30,345,257,60,58,32,22,1,17,19,12,145,154,72,4,75,285,42,35,296,34,108,132,22,99
03/01/2014,1,52,5,10,9,129,103,37,27,22,15,1,21,16,8,69,64,26,2,60,74,20,4,155,27,65,83,10,36
03/01/2014,2,28,14,9,15,81,66,8,30,4,2,3,13,9,1,21,31,24,0,31,44,10,12,164,11,26,61,2,13
03/01/2014,3,30,17,0,6,27,53,11,21,7,4,2,5,0,2,27,16,13,4,42,38,5,5,180,12,5,38,4,32
03/01/2014,4,22,23,3,8,43,61,16,16,7,4,3,3,1,1,56,37,34,15,31,41,12,14,76,8,4,16,9,40
03/01/2014,5,15,27,11,35,40,54,18,14,16,22,3,13,4,8,68,39,54,4,56,117,48,33,46,24,10,6,3,81
03/01/2014,6,36,106,68,223,103,110,46,143,48,144,28,32,11,69,159,136,109,64,80,316,183,77,50,104,23,13,37,147
03/01/2014,7,133,340,267,881,260,271,168,179,241,535,85,120,35,168,297,500,212,101,227,743,595,201,88,222,52,38,40,302
03/01/2014,8,286,634,598,1556,405,602,380,368,412,1078,103,153,60,248,631,923,391,189,334,1212,1018,383,185,318,145,90,110,736
03/01/2014,9,313,480,316,589,625,1090,711,592,720,492,79,169,52,158,718,753,241,160,564,1204,693,296,249,308,190,117,161,689
03/01/2014,10,604,353,235,363,1012,1797,1298,1376,937,265,92,204,99,167,1140,1016,395,191,880,1645,692,285,351,449,244,217,208,1201
03/01/2014,11,989,487,288,399,841,2407,2158,2559,1386,283,87,318,148,233,1436,1166,455,262,1179,2009,615,315,499,695,529,380,310,1386
03/01/2014,12,1400,1155,365,555,1917,3435,2962,3760,2278,661,179,472,248,404,1807,1787,553,316,1607,2335,957,504,971,883,845,742,278,1714
03/01/2014,13,1714,895,329,573,2163,3826,3272,3987,2240,518,120,440,225,370,1933,1727,571,338,1747,2483,945,368,1103,903,893,738,319,1641
03/01/2014,14,1552,431,271,385,2373,3620,3160,3378,1898,329,90,444,207,220,2030,1647,630,316,1466,2708,798,314,895,933,806,508,292,1805
03/01/2014,15,1730,459,363,527,2580,3284,3503,3631,1668,428,113,388,238,228,1953,1798,713,366,977,3010,820,271,881,1093,801,495,234,1512
03/01/2014,16,1710,514,471,986,2526,3264,3315,3428,1623,848,156,417,271,307,1990,1645,757,337,776,3288,1194,321,951,1123,759,470,156,1487
03/01/2014,17,1807,686,507,958,2551,3169,2977,2884,1356,779,135,411,256,283,1867,1678,720,355,522,2831,1395,310,1117,1001,915,616,145,1436
03/01/2014,18,1474,612,242,310,2212,2720,2308,1930,964,300,107,406,231,205,1821,1336,492,240,404,2190,726,195,1091,669,914,565,128,1762
03/01/2014,19,1128,425,122,137,1997,2127,1892,1477,580,165,81,373,172,137,1299,1156,470,155,341,1864,481,181,1161,645,978,799,95,594
03/01/2014,20,1125,379,139,127,2045,1822,1662,1236,360,103,97,371,227,119,1190,1058,446,119,311,1702,360,156,869,520,973,755,111,537
03/01/2014,21,836,254,64,106,1732,1499,748,560,300,114,86,274,175,97,1356,1079,378,81,256,1620,338,158,848,431,831,610,67,1132
03/01/2014,22,675,203,110,81,1225,1163,540,346,248,65,55,137,61,42,916,919,407,68,163,1280,303,112,662,282,759,585,37,500
03/01/2014,23,440,147,127,54,1018,720,301,209,140,49,45,68,37,19,559,548,244,13,146,818,227,86,591,204,399,301,60,262
04/01/2014,0,214,56,29,29,519,385,126,94,78,13,23,25,17,19,298,309,176,18,117,540,90,27,317,111,257,187,19,143
04/01/2014,1,185,37,6,25,285,228,89,128,35,15,20,19,11,8,105,128,56,13,86,198,22,11,263,58,198,105,9,55
04/01/2014,2,85,8,8,7,157,136,28,43,27,5,4,40,23,0,88,88,36,6,64,102,22,7,233,21,91,60,10,34
04/01/2014,3,50,10,2,15,115,143,44,33,19,3,9,5,0,6,76,34,28,8,42,135,15,11,204,16,27,34,13,45
04/01/2014,4,34,28,10,6,53,75,18,33,8,1,2,27,3,0,40,41,35,20,40,81,14,8,121,3,28,17,9,42
04/01/2014,5,27,19,8,6,58,71,15,50,8,9,1,2,0,5,51,32,44,26,64,85,77,14,95,31,17,15,3,54
04/01/2014,6,32,48,15,6,66,96,27,38,26,22,5,18,10,14,57,62,80,34,102,134,119,26,68,46,36,25,37,38
04/01/2014,7,80,63,27,15,147,212,84,68,82,49,18,36,17,46,107,128,82,60,194,266,198,59,89,77,49,27,40,107
04/01/2014,8,102,92,45,38,257,324,234,200,180,71,29,86,35,77,312,255,141,119,419,567,380,93,94,128,68,62,165,320
04/01/2014,9,155,130,74,29,475,758,679,541,427,80,28,92,37,81,493,433,214,114,581,813,474,107,216,250,115,90,233,569
04/01/2014,10,482,193,128,83,877,1420,1232,1227,906,63,72,220,132,151,1154,723,278,170,917,1373,543,145,320,465,294,197,259,1404
04/01/2014,11,823,304,154,86,1350,2241,1750,2026,1293,100,44,229,120,214,1068,914,408,216,1342,1788,641,126,427,598,462,369,327,1117
04/01/2014,12,1148,415,170,77,1985,2736,2513,2507,1571,90,56,353,178,150,1527,1107,455,202,1680,1836,622,193,633,753,675,644,344,1370
04/01/2014,13,1551,422,162,82,2112,3146,2876,3137,1792,130,66,296,144,162,2073,1254,508,254,1802,2213,649,169,853,767,948,752,449,2042
04/01/2014,14,1566,342,207,102,2501,3378,3094,3251,1875,125,73,352,229,205,2309,1397,522,319,1306,2563,409,157,879,1023,845,508,276,2282
04/01/2014,15,1671,342,164,88,2593,3567,2976,3321,1687,119,82,426,203,190,1939,1350,526,298,1077,2652,496,181,891,1077,882,537,239,1651
04/01/2014,16,1704,397,190,66,2428,3316,2604,3375,1435,91,156,527,322,217,1784,1335,616,340,683,2317,447,238,863,1005,853,610,146,1426
04/01/2014,17,1717,477,129,61,2185,2674,2223,2383,1006,254,249,1136,381,194,1759,1291,629,381,448,2396,533,243,990,936,841,594,116,1257
04/01/2014,18,1034,570,94,64,2116,2151,1703,1001,603,226,170,1596,414,198,1384,1196,532,789,336,2105,664,185,1032,656,936,744,109,847
04/01/2014,19,1041,323,90,60,2010,1735,1315,538,451,88,99,365,183,93,1390,1006,455,383,283,1652,275,142,808,381,1051,953,94,1236
04/01/2014,20,926,342,102,36,1854,1379,1001,457,281,80,36,315,142,50,1088,740,383,139,249,1465,232,94,906,365,945,860,80,350
04/01/2014,21,759,227,82,41,1686,1228,545,395,265,79,63,278,166,47,1108,797,287,418,245,1200,217,171,882,306,678,761,86,390
04/01/2014,22,670,212,82,72,1378,1204,559,408,317,220,301,1319,274,189,1331,881,440,400,244,1250,777,321,836,382,667,655,79,1017
04/01/2014,23,403,170,64,48,1077,925,314,211,184,63,90,178,92,34,648,522,359,38,177,919,200,129,712,211,455,425,56,292
05/01/2014,0,335,79,23,51,771,830,168,163,95,26,65,81,34,18,399,391,263,18,147,597,136,48,579,115,310,388,44,183
05/01/2014,1,147,37,29,24,380,596,143,116,58,9,13,38,33,11,145,222,107,13,103,286,63,35,377,80,219,245,16,76
05/01/2014,2,111,38,29,8,263,497,58,79,37,6,4,6,3,6,103,146,65,20,66,145,17,18,396,41,76,162,12,43
05/01/2014,3,63,42,12,11,224,475,87,101,73,3,4,17,0,1,63,127,28,8,66,211,24,38,490,19,74,87,8,56
05/01/2014,4,41,19,3,23,63,435,39,41,20,3,1,2,2,1,65,58,25,12,58,115,33,39,184,6,21,30,11,71
05/01/2014,5,14,14,5,6,55,194,30,31,32,3,1,4,4,3,78,37,32,6,50,85,13,6,88,32,16,24,10,82
05/01/2014,6,31,17,10,15,60,114,38,46,37,16,19,13,9,24,56,75,45,25,59,113,34,24,107,51,22,38,11,142
05/01/2014,7,66,50,21,17,143,179,57,65,89,35,18,37,20,63,115,117,80,56,143,248,121,58,68,67,20,29,27,207
05/01/2014,8,89,91,46,37,229,287,136,139,139,47,37,120,47,104,252,194,149,99,245,382,185,44,90,129,49,41,42,440
05/01/2014,9,222,142,98,45,472,761,510,316,403,89,56,159,91,134,486,452,219,178,500,682,283,97,133,316,143,101,112,696
05/01/2014,10,470,193,91,77,676,1082,1080,1067,567,77,75,281,129,211,969,644,320,243,861,1129,430,136,279,521,284,234,162,1207
05/01/2014,11,768,259,107,70,579,1723,1590,1691,999,80,87,387,258,251,1411,948,422,341,1353,1481,438,120,433,778,426,367,300,1615
05/01/2014,12,1130,330,120,91,1438,2438,2309,2203,1271,91,80,482,315,264,1864,1143,426,347,1598,1730,402,134,594,812,697,0,404,2245
05/01/2014,13,1183,311,117,88,2052,2733,2661,2435,1346,131,54,529,205,224,2434,1282,406,375,1512,2174,443,116,653,896,955,0,343,2894
05/01/2014,14,1349,307,142,87,2199,2763,2987,2845,1357,101,69,610,378,194,2350,1427,567,371,1400,2282,447,100,741,974,972,0,314,2069
05/01/2014,15,1548,295,122,104,2220,2878,2826,2900,1176,97,60,592,352,222,2322,1403,613,368,1087,2413,483,158,752,1101,790,0,231,2171
05/01/2014,16,1021,228,82,68,1689,2613,2180,2311,943,67,57,61,30,104,2015,1230,320,129,591,2088,539,164,767,421,541,324,151,2122
05/01/2014,22,352,96,29,33,717,784,239,127,127,54,34,52,28,29,526,429,188,24,131,725,172,83,486,126,318,287,52,216
05/01/2014,23,157,66,12,22,441,579,157,60,54,20,9,43,18,10,262,263,190,15,87,483,108,46,260,35,140,95,32,125
06/01/2014,0,98,13,11,20,239,346,58,44,37,3,7,10,5,10,89,121,45,34,59,182,43,28,150,142,57,63,16,48
06/01/2014,1,33,11,3,13,86,67,32,13,13,7,9,5,3,0,36,60,18,1,21,50,17,9,112,21,24,38,6,22
06/01/2014,2,15,9,1,3,42,37,15,20,1,1,2,3,0,1,23,24,8,8,22,24,6,8,72,32,42,7,3,21
06/01/2014,3,8,7,0,2,28,19,17,4,2,1,0,9,3,0,26,28,5,7,27,18,6,7,48,8,27,5,5,28
06/01/2014,4,17,4,4,10,34,23,11,22,4,4,2,5,2,2,44,23,30,6,19,38,17,1,57,5,9,6,3,49
06/01/2014,5,21,47,16,66,62,62,38,26,23,45,12,11,2,25,77,58,48,12,32,130,119,41,30,36,3,2,4,102
06/01/2014,6,48,169,118,398,120,156,56,66,86,237,53,38,13,93,198,225,156,73,45,385,480,85,91,162,19,22,17,217
06/01/2014,7,247,575,396,1260,289,429,248,240,264,1113,142,168,50,271,544,909,434,240,174,1041,1635,369,119,312,54,47,48,670
06/01/2014,8,545,1188,1173,3157,677,862,637,483,661,2064,208,247,74,433,1109,1886,833,348,312,2085,1650,630,235,543,139,108,111,1242
06/01/2014,9,417,702,594,1284,740,1126,776,751,661,814,147,127,42,150,823,998,385,138,384,1464,965,459,238,325,190,154,78,720
06/01/2014,10,676,531,417,469,1047,1738,1065,1281,1113,320,127,106,43,142,1091,875,360,123,516,1707,625,365,375,403,294,221,112,985
06/01/2014,11,944,488,347,458,1428,2556,1769,2215,1522,330,121,183,64,186,1211,1124,385,140,659,1708,539,332,616,492,476,276,84,1033
06/01/2014,12,1574,1422,487,770,2258,3711,3128,3776,2544,1042,282,338,175,599,1673,1980,572,326,888,2798,1053,576,1192,772,980,679,121,1430
06/01/2014,13,1752,1150,495,795,2580,3800,3425,3893,2580,792,159,541,198,401,1977,1961,507,289,830,3039,1071,456,1097,772,859,708,109,1481
06/01/2014,14,1653,625,365,571,2425,3628,2738,3072,1927,364,120,645,95,151,1891,1397,452,170,622,2766,677,386,899,692,852,624,92,1386
06/01/2014,15,1777,559,475,832,2468,3524,2512,2948,1681,580,142,230,121,173,1780,1547,615,238,582,2421,803,336,998,770,820,522,100,1524
06/01/2014,16,1818,742,664,1525,2456,3124,2678,2750,1633,1492,191,223,90,316,1736,1759,693,286,537,3042,1372,444,987,876,792,82,121,1638
06/01/2014,17,1979,946,1201,2613,2303,2951,2624,2312,1318,2205,224,338,148,598,2198,2145,1215,544,510,3614,2332,532,1055,976,717,0,171,1677
06/01/2014,18,1336,579,395,742,2063,2065,1747,1078,640,653,165,309,112,259,1361,1364,702,316,395,2475,1066,237,831,543,752,589,116,774
06/01/2014,19,908,303,121,272,1697,1532,733,494,285,171,107,160,52,110,838,875,370,114,317,1615,491,171,751,246,669,643,97,390
06/01/2014,20,728,333,121,118,1337,1163,514,373,215,97,65,139,42,59,759,652,225,114,299,1188,270,120,674,171,668,494,55,216
06/01/2014,21,511,167,55,76,1041,824,292,203,189,70,32,73,25,37,783,407,427,35,207,941,233,60,530,143,518,363,60,234
06/01/2014,22,348,99,41,67,705,510,216,118,105,54,16,40,18,21,526,267,403,20,136,675,119,54,345,97,307,205,37,124
06/01/2014,23,161,99,32,33,395,309,104,90,66,35,10,27,17,9,253,183,276,11,126,409,92,27,212,51,121,117,26,78
07/01/2014,0,84,37,12,13,226,190,39,50,21,8,2,1,0,2,135,88,135,3,96,164,19,28,143,18,74,31,16,43
07/01/2014,1,47,19,5,13,95,48,26,7,11,9,2,7,0,1,32,59,30,2,51,58,8,1,79,12,53,8,7,23
07/01/2014,2,26,10,2,7,40,30,4,11,9,0,1,0,0,0,38,28,24,2,20,36,9,10,66,4,32,19,5,20
07/01/2014,3,13,9,1,4,14,42,13,1,8,2,1,1,0,0,16,13,12,9,22,27,9,3,30,5,8,8,4,18
07/01/2014,4,10,9,2,5,23,31,22,34,16,3,4,0,0,1,33,17,36,19,13,28,10,0,24,5,4,8,11,39
07/01/2014,5,14,42,18,59,49,53,26,25,48,40,7,12,6,21,74,71,49,14,59,106,76,27,22,49,4,4,9,86
07/01/2014,6,74,152,124,397,130,152,66,59,133,298,53,42,18,117,220,214,149,84,112,319,373,116,84,111,22,17,34,235
07/01/2014,7,241,489,457,1535,266,404,239,231,283,1171,129,157,61,339,600,873,462,271,234,1123,1282,349,136,375,73,46,72,605
07/01/2014,8,555,1280,1235,3726,660,908,676,521,704,2401,205,253,102,467,1243,1958,866,388,469,2138,2357,702,222,665,160,118,133,1249
07/01/2014,9,417,676,597,1168,663,1078,723,713,709,876,138,143,42,148,729,984,330,129,523,1317,1141,379,217,324,187,119,118,635
07/01/2014,10,688,454,353,599,946,1669,1030,1330,1117,422,135,141,87,164,883,867,281,141,965,1490,1015,329,349,395,317,192,187,975
07/01/2014,11,856,565,330,521,1461,2477,1673,2069,1610,392,116,193,84,179,1326,1018,300,225,1245,1782,923,346,563,528,445,268,222,1308
07/01/2014,12,1582,1321,557,833,2271,3210,3162,3515,2420,983,259,351,211,554,1799,1897,555,348,1881,2778,1545,500,1205,690,887,636,280,1583
07/01/2014,13,1567,1165,541,818,2506,3757,3289,3831,2550,819,160,426,224,440,1962,2107,621,385,1619,2947,1394,501,1111,885,1055,588,309,1891
07/01/2014,14,1630,601,386,583,2254,3405,2551,3115,1936,391,106,277,156,192,1481,1540,545,333,1246,2814,1024,398,913,823,961,435,198,1160
07/01/2014,15,1805,552,467,738,2431,3573,2710,3144,1624,633,102,311,168,199,1636,1248,550,286,883,2561,1190,367,899,797,882,445,182,1352
07/01/2014,16,1803,676,661,1527,2236,3043,2572,2899,1506,1493,188,343,168,308,2108,1618,775,285,509,3065,2151,465,887,810,683,386,145,1971
07/01/2014,17,1927,973,1157,2539,2454,2988,2743,2457,1321,2183,195,347,213,588,2299,2229,1256,628,533,3666,3046,583,999,1093,815,566,194,2001
07/01/2014,18,1340,596,406,820,2143,2272,1903,1212,631,758,107,319,227,285,1659,1379,668,360,358,2548,1401,313,957,577,857,657,146,1394
07/01/2014,19,928,301,157,265,1739,1615,974,554,374,218,113,255,152,127,951,882,450,189,324,1753,611,204,858,326,777,745,97,566
07/01/2014,20,913,302,110,141,1476,1237,580,384,259,129,86,212,107,97,755,747,313,97,295,1374,521,119,645,213,604,454,98,371
07/01/2014,21,648,175,80,78,1248,981,325,320,221,96,51,141,50,45,961,663,280,43,203,1158,379,139,646,195,463,357,66,890
07/01/2014,22,350,122,29,71,940,630,217,150,128,59,40,53,25,25,483,519,256,18,180,824,216,83,410,94,393,276,31,284
07/01/2014,23,204,57,29,59,500,346,148,109,42,35,11,32,9,15,222,324,151,13,116,491,121,46,235,82,209,182,15,142
08/01/2014,0,104,23,6,19,286,182,48,67,32,6,5,13,20,2,94,122,46,15,64,214,50,32,148,29,90,117,14,44
08/01/2014,1,57,9,6,14,84,55,12,20,11,2,5,2,1,2,28,48,21,5,26,49,4,15,124,10,59,38,2,17
08/01/2014,2,36,7,6,18,33,57,10,16,11,0,2,2,0,1,16,24,20,0,31,31,15,12,90,9,31,12,2,17
08/01/2014,3,17,8,2,18,33,67,22,13,10,0,5,1,0,1,30,15,13,19,24,33,2,9,89,0,42,26,6,30
08/01/2014,4,4,12,1,7,24,45,12,16,5,6,2,4,2,2,32,26,36,10,23,24,13,19,28,8,7,15,4,56
08/01/2014,5,18,49,22,53,41,49,13,16,18,31,7,18,3,30,71,78,65,14,23,105,40,29,61,35,13,2,4,111
08/01/2014,6,70,158,93,397,139,141,59,63,83,261,56,46,15,106,253,267,172,108,60,368,194,118,91,160,22,10,19,225
08/01/2014,7,251,611,464,1782,316,453,259,246,304,1173,140,208,70,286,631,929,518,297,135,1071,858,350,150,382,86,46,63,657
08/01/2014,8,511,1424,1315,3618,724,1000,680,516,766,1954,221,268,99,454,1204,2050,926,434,304,2134,1826,705,286,611,188,114,123,1448
08/01/2014,9,458,744,570,1165,621,1216,753,847,732,709,127,165,76,186,771,957,374,232,423,1471,910,446,321,362,227,134,86,1017
08/01/2014,10,739,548,396,567,1165,1638,1251,1398,1056,382,133,218,71,145,1265,910,345,280,530,1452,751,368,413,462,237,201,143,1561
08/01/2014,11,1026,649,342,572,642,2430,1936,2313,1629,409,159,333,145,286,1747,1181,410,288,658,1869,686,403,601,537,407,357,158,1414
08/01/2014,12,1822,1666,624,969,2296,3749,3443,3577,2625,1006,253,469,329,692,2362,2342,706,595,962,2908,1276,615,1074,872,984,0,202,2125
08/01/2014,13,1749,1504,617,959,2321,4043,3535,3910,2680,825,217,518,296,533,2448,2109,617,564,1056,2928,1190,664,1088,868,1010,0,179,2937
08/01/2014,14,1533,626,416,565,2240,3473,2635,3371,1899,405,103,319,239,252,1749,1423,516,464,737,2789,789,382,954,744,889,0,157,1666
08/01/2014,15,1741,583,407,810,2464,3497,2958,3246,1774,645,111,269,201,238,2168,1438,584,413,649,2794,1013,437,933,762,735,0,153,1886
08/01/2014,16,1820,585,683,1735,2418,3620,2970,3046,1606,1482,177,319,189,391,2644,1797,773,411,808,3163,1607,371,874,783,777,0,164,2256
08/01/2014,17,1959,995,1220,2609,2822,3341,2861,2510,1468,2077,235,437,172,688,2665,2461,1304,865,1339,3595,2524,518,999,1065,840,0,318,2139
08/01/2014,18,1500,493,417,840,2308,2157,1971,1235,613,734,130,304,164,364,2255,1380,679,869,1844,2553,1173,277,996,674,843,0,524,1770
08/01/2014,19,1129,350,213,366,1887,1495,942,556,390,245,100,298,155,189,1144,1069,501,956,1602,1787,589,167,873,342,665,0,586,622
08/01/2014,20,997,230,96,255,1729,1287,678,390,269,106,65,293,165,126,903,832,277,145,1566,1417,349,120,752,296,667,558,639,408
08/01/2014,21,701,194,93,211,1472,1111,418,321,211,90,31,184,99,60,1047,824,295,84,1210,1340,319,98,629,170,583,344,618,893
08/01/2014,22,430,127,76,94,1065,723,281,179,135,45,35,96,48,30,696,646,283,108,731,961,200,90,496,146,441,378,263,341
08/01/2014,23,264,98,65,78,521,443,134,110,89,21,13,38,13,22,434,377,204,1060,199,645,138,58,340,109,212,212,86,258
09/01/2014,0,95,22,28,40,275,237,99,67,45,22,15,22,20,9,134,165,54,18,104,206,41,23,215,32,103,100,28,65
09/01/2014,1,53,21,4,12,120,93,37,35,20,8,4,19,31,1,44,77,33,7,44,85,10,8,159,12,52,37,3,22
09/01/2014,2,23,12,2,4,49,54,24,20,2,3,6,3,0,1,39,44,13,8,43,46,8,9,70,12,28,12,8,26
09/01/2014,3,17,4,0,6,34,53,10,9,11,3,4,6,3,1,33,18,11,18,28,35,10,3,53,3,21,8,7,32
09/01/2014,4,11,18,6,2,28,34,12,17,4,3,0,8,5,3,39,32,36,3,22,24,15,4,31,9,3,9,3,31
09/01/2014,5,26,53,21,59,46,72,32,23,22,38,7,13,1,17,79,70,51,13,49,91,91,37,44,35,6,6,9,93
09/01/2014,6,68,186,141,413,147,164,54,93,83,301,48,71,28,120,263,279,181,82,101,416,427,121,69,147,30,21,28,305
09/01/2014,7,235,527,539,1560,319,450,272,210,371,1183,148,210,71,299,598,869,535,324,284,1211,1363,367,124,391,62,46,82,726
09/01/2014,8,564,1385,1280,3668,678,885,726,583,827,2177,226,283,125,507,1272,1975,936,502,503,2209,2555,827,262,683,192,90,159,1125
09/01/2014,9,508,799,610,1320,661,1051,756,875,788,674,151,177,56,219,764,919,342,194,609,1221,1138,440,283,460,193,131,128,912
09/01/2014,10,679,554,317,683,1113,1680,1307,1385,1177,445,136,189,112,183,1188,923,355,295,741,1603,1068,358,402,436,307,203,171,1329
09/01/2014,11,936,652,355,624,1089,2420,2021,2080,1588,410,132,295,136,276,1505,1034,359,246,1143,1983,1110,328,477,529,487,104,222,1353
09/01/2014,12,1751,1475,630,988,2404,3569,3476,3380,2584,1164,361,403,235,637,1998,2061,537,448,1940,2807,1776,554,901,898,1075,0,393,2007
09/01/2014,13,1775,1459,554,976,2531,3498,3481,3830,2278,915,237,406,167,461,1941,2069,576,380,1634,2961,1628,613,957,820,999,0,289,2089
09/01/2014,14,1462,687,445,691,2349,3224,2778,2979,1794,486,111,272,110,209,1755,1426,492,292,1144,2391,1163,378,823,801,736,0,286,1559
09/01/2014,15,1482,569,380,690,2379,3339,2892,2903,1710,642,112,178,61,228,1734,1501,525,322,699,2573,1428,394,709,724,793,0,179,1299
09/01/2014,16,1549,621,747,1505,2218,3032,2570,2329,1379,1502,161,238,123,349,2301,1480,666,447,587,2884,2281,380,780,683,724,0,112,2086
09/01/2014,17,1837,958,1217,2279,2166,3041,2453,2446,1430,2032,215,312,170,612,2979,2277,1193,811,460,3366,3048,532,952,1057,793,0,149,2295
09/01/2014,18,1737,613,457,742,2304,2665,2190,1907,694,737,125,319,243,327,2635,1496,661,1064,369,2508,914,282,888,718,770,0,138,2582
09/01/2014,19,1072,371,196,308,1937,1889,1413,1015,438,246,113,370,153,193,1464,887,369,713,333,1858,437,136,839,402,823,0,96,1100
09/01/2014,20,931,309,120,153,1703,1442,1042,572,280,116,65,442,197,110,1152,728,343,212,265,1549,329,129,690,295,662,0,79,643
09/01/2014,21,783,188,89,109,1500,1142,567,329,188,91,79,303,154,93,1213,745,321,192,244,1222,287,84,633,322,539,0,81,1009
09/01/2014,22,526,227,82,98,1087,903,292,255,164,83,37,166,91,50,983,686,309,1258,150,1176,162,103,681,164,509,0,41,463
09/01/2014,23,354,98,44,66,761,523,148,140,130,37,12,65,43,27,486,430,216,67,128,655,125,45,425,152,282,0,38,230
10/01/2014,0,205,91,22,24,425,347,91,100,63,22,5,28,12,12,224,179,60,23,114,341,52,42,293,45,129,0,23,101
10/01/2014,1,79,21,11,13,196,168,56,65,12,6,5,7,7,4,104,79,22,37,93,138,11,19,173,34,93,0,18,33
10/01/2014,2,46,22,3,10,118,120,24,20,13,1,2,2,0,0,53,75,36,24,56,73,12,23,151,13,62,0,11,16
10/01/2014,3,39,12,7,9,75,76,31,30,21,9,1,8,2,6,29,36,11,15,43,32,9,7,217,18,24,0,5,29
10/01/2014,4,22,3,4,5,54,41,21,12,19,8,0,5,1,2,52,24,35,28,38,48,19,6,136,14,14,0,9,51
10/01/2014,5,23,45,18,65,52,97,33,40,21,30,9,11,1,28,76,58,69,25,59,126,63,37,47,32,7,0,9,83
10/01/2014,6,83,170,132,373,143,122,65,69,79,272,47,49,19,95,227,302,155,80,86,426,259,105,77,141,28,0,34,232
10/01/2014,7,220,577,553,1592,290,391,245,180,285,1044,164,196,60,262,599,899,444,251,270,1156,935,359,135,351,60,0,79,610
10/01/2014,8,552,1349,1268,3502,700,898,663,568,728,1675,237,276,99,442,1118,1959,859,407,520,1972,1977,720,289,615,147,0,144,1233
10/01/2014,9,547,849,585,1149,741,1205,810,933,817,705,90,145,63,183,724,877,330,200,561,1393,1111,429,277,491,125,0,134,769
10/01/2014,10,696,509,318,626,990,1633,1234,1525,1024,365,150,117,47,141,1087,994,341,207,608,1746,944,370,358,347,282,0,152,1106
10/01/2014,11,982,557,312,656,646,2100,1724,2059,1367,458,141,150,110,231,1260,1223,283,287,921,2065,815,324,536,517,408,0,261,1169
10/01/2014,12,1641,1539,646,997,1956,3267,3342,3495,2368,1020,263,325,140,584,1715,1967,471,278,1444,2743,1461,547,1134,776,819,0,291,1725
10/01/2014,13,1417,1375,506,793,2354,3544,3489,3679,2500,926,225,300,120,446,1855,1892,430,260,1509,2583,1477,742,965,671,915,0,255,2125
10/01/2014,18,1428,572,383,556,2407,2581,2512,1978,917,545,138,271,134,282,1994,1410,597,338,386,2457,1269,236,866,834,937,0,125,1835
10/01/2014,19,1230,383,186,241,2359,2221,1762,1494,565,227,108,379,165,138,1353,1173,415,182,386,1835,677,204,942,563,1056,0,115,732
10/01/2014,20,1171,459,121,183,2209,2219,1405,1309,365,126,68,626,339,116,1386,1096,372,235,334,1670,445,101,946,549,899,0,131,464
10/01/2014,21,1119,305,115,118,1906,1754,845,556,393,136,81,513,417,103,1692,1149,424,87,318,1670,415,137,878,561,693,0,82,1292
10/01/2014,22,856,274,114,86,1750,1619,559,444,253,67,54,391,238,105,1215,894,374,76,163,1276,387,124,779,426,671,0,74,532
10/01/2014,23,583,151,71,62,1441,1100,291,278,215,60,33,181,92,51,945,663,370,63,211,899,269,85,596,359,421,0,73,407
11/01/2014,0,363,106,39,40,969,1220,164,186,113,42,12,71,59,24,429,420,183,45,120,658,137,59,431,186,338,0,29,161
11/01/2014,1,235,40,12,31,427,496,144,126,75,24,5,43,20,7,280,214,94,5,126,341,60,38,447,69,220,0,25,99
11/01/2014,2,116,19,12,27,274,230,66,89,52,9,19,4,5,6,111,161,49,12,62,259,34,10,265,33,154,0,12,56
11/01/2014,3,84,20,12,16,159,158,64,44,22,1,11,17,7,6,88,109,10,3,63,102,24,21,217,22,88,52,13,48
11/01/2014,4,68,13,4,12,79,120,34,49,7,5,3,5,1,1,70,62,28,11,37,90,30,13,156,4,33,26,16,46
11/01/2014,5,47,34,11,15,35,89,19,33,14,9,3,9,1,5,52,34,51,14,79,69,52,12,162,23,9,23,11,38
11/01/2014,6,30,36,18,15,88,104,44,41,34,24,16,24,13,33,68,55,80,59,109,155,141,35,84,66,24,18,20,72
11/01/2014,7,51,76,41,25,203,204,70,90,94,33,7,43,22,48,105,108,107,106,221,315,215,74,65,229,32,19,79,108
11/01/2014,8,112,163,89,35,306,354,192,287,235,52,36,78,27,81,257,245,125,235,430,562,358,69,112,273,59,85,171,225
11/01/2014,9,278,225,80,45,547,880,573,618,463,76,43,100,43,139,570,512,239,323,866,876,457,137,207,458,155,134,254,469
11/01/2014,10,489,213,152,64,842,1483,1144,1226,890,85,80,176,121,184,1305,785,343,374,1233,1358,557,157,333,450,261,194,328,1316
11/01/2014,11,819,319,173,71,1183,2177,1804,2020,1254,77,57,272,149,181,1309,1010,425,515,1338,1763,321,140,420,755,416,356,375,978
11/01/2014,12,1138,402,180,78,1857,2400,2290,2761,1488,80,70,285,149,194,1483,1207,429,613,1749,1732,392,138,656,1102,690,524,414,1622
11/01/2014,13,1561,349,207,72,2353,2918,2400,2762,1783,101,77,336,181,224,2025,1323,458,727,1823,2156,332,178,763,862,867,600,409,2509
11/01/2014,14,1684,389,204,85,2551,3350,3093,2940,1880,114,76,407,250,253,2324,1458,586,772,1757,2379,363,111,920,1074,936,0,412,2175
11/01/2014,15,1736,451,226,70,2599,3428,3332,3265,1584,113,83,487,291,212,2181,1571,625,747,1379,2634,422,221,1002,1133,845,0,229,2396
11/01/2014,16,1645,467,186,71,2246,3224,3215,3276,1415,117,91,381,296,200,2264,1452,553,674,673,2844,461,212,986,988,864,0,158,1481
11/01/2014,17,1557,520,178,60,2308,2729,2538,2589,859,107,127,455,317,192,2077,1340,553,822,464,2504,510,211,997,1249,810,0,161,1936
11/01/2014,18,1267,573,172,79,2076,2162,1615,1049,513,147,188,530,285,152,1709,1310,527,589,409,2057,512,180,948,922,957,0,122,1178
11/01/2014,19,1107,387,129,60,1980,1702,1110,654,379,96,65,434,299,125,1750,1072,465,385,306,1713,286,160,915,466,1059,787,90,1677
11/01/2014,20,989,363,121,62,1920,1407,853,432,259,57,67,349,282,87,1335,916,406,168,207,1478,265,100,799,330,883,700,82,646
11/01/2014,21,847,249,84,49,1709,1365,490,375,242,75,64,228,154,88,1111,878,298,96,239,1339,266,144,794,356,708,696,70,377
11/01/2014,22,696,240,128,76,1512,1168,449,367,253,72,94,250,154,43,1253,804,307,148,161,1043,216,142,898,284,711,729,59,1101
11/01/2014,23,585,202,64,62,1344,1085,306,361,182,44,51,125,96,43,753,625,376,36,184,891,171,99,757,252,573,586,46,305
12/01/2014,0,295,99,44,58,1027,806,230,253,126,30,76,95,35,21,426,456,276,24,183,606,128,90,556,128,360,404,57,116
12/01/2014,1,302,78,39,21,602,457,196,235,79,8,29,49,24,19,246,226,73,14,126,304,69,71,483,127,317,370,27,84
12/01/2014,2,120,23,28,27,330,311,129,161,78,9,18,12,3,10,150,177,75,14,82,260,21,34,469,47,126,268,13,54
12/01/2014,3,99,30,16,10,301,276,85,141,60,8,14,4,1,5,117,114,45,4,106,232,33,42,500,19,101,168,20,63
12/01/2014,4,47,15,5,14,115,152,71,68,21,7,2,2,0,16,63,72,52,8,46,71,15,17,280,23,73,45,5,36
12/01/2014,5,29,18,12,14,69,111,29,53,22,9,11,24,4,7,59,60,39,10,63,61,16,27,133,64,17,27,10,53
12/01/2014,6,40,21,17,13,61,102,40,59,28,8,5,19,9,32,71,47,33,31,58,73,33,15,77,100,14,23,13,128
12/01/2014,7,58,38,28,13,108,132,43,68,80,31,11,29,23,56,115,119,111,142,126,232,116,49,79,164,39,27,35,149
12/01/2014,8,102,100,68,41,198,272,107,164,183,52,43,93,111,88,263,247,174,183,262,465,207,99,109,310,55,35,63,264
12/01/2014,9,251,165,101,47,478,695,448,372,429,74,58,160,249,147,523,418,271,253,553,744,324,100,165,337,131,102,132,570
12/01/2014,10,483,246,142,71,795,1376,1039,1182,784,121,71,196,354,178,1258,682,308,383,682,1358,404,150,262,531,263,193,224,1318
12/01/2014,11,692,270,154,76,1266,2085,1635,1923,943,81,56,349,635,186,1491,925,426,542,1182,1735,460,157,452,769,476,317,244,1666
12/01/2014,12,1142,323,146,92,1694,2438,1947,2449,1293,78,54,375,669,242,2239,1168,489,1100,1378,2087,485,154,705,818,769,701,284,2163
12/01/2014,13,1375,368,157,85,2196,2955,2283,2447,1366,102,46,525,757,254,2926,1154,523,2227,1722,2392,604,186,877,1167,872,0,370,3163
12/01/2014,14,1454,402,169,90,2162,2999,2675,2892,1257,98,57,569,842,257,2622,1353,605,1377,1439,2466,579,140,849,1000,770,0,320,2233
12/01/2014,15,1486,351,160,71,2327,3149,2802,2973,1155,73,83,599,770,224,2780,1369,621,1005,1144,2504,504,177,889,1095,781,0,238,2631
12/01/2014,16,1561,326,124,75,1964,2748,1889,2874,1119,97,74,474,803,241,2945,1293,532,871,722,2405,623,157,943,1018,835,0,207,3085
12/01/2014,17,1462,358,179,92,2157,2569,1924,1990,633,127,79,537,710,198,2533,1165,550,768,364,2434,605,202,813,960,794,0,125,1723
12/01/2014,18,1161,309,79,71,1844,1839,1278,805,428,112,54,488,255,154,2166,991,524,636,329,2226,522,141,833,569,837,0,109,1676
12/01/2014,19,925,237,86,53,1594,1479,674,431,281,86,81,288,198,87,1380,803,349,431,204,1784,366,89,821,395,676,591,86,542
12/01/2014,20,789,220,84,56,1450,1201,487,334,237,115,70,284,189,86,1338,815,341,439,260,1620,377,104,678,294,733,499,85,535
12/01/2014,21,586,205,97,65,1347,972,309,247,193,64,56,223,70,53,1375,649,254,624,232,1249,257,119,663,227,583,437,54,1069
12/01/2014,22,443,144,70,54,1018,1100,255,236,195,69,28,136,60,57,1716,472,330,1983,200,1160,249,115,528,261,369,352,68,1305
12/01/2014,23,248,69,18,35,576,499,140,129,73,40,14,49,15,15,761,347,189,68,137,671,154,56,375,110,149,105,39,451
13/01/2014,0,116,25,8,23,240,237,86,93,34,22,5,15,8,19,156,117,48,10,99,249,55,25,180,136,124,63,18,81
13/01/2014,1,62,11,6,6,134,102,2,75,10,7,17,9,2,1,58,65,29,4,42,80,8,8,128,23,71,48,9,36
13/01/2014,2,41,1,11,10,52,64,1,16,4,3,1,2,1,0,34,35,17,9,30,39,14,9,90,8,24,33,3,30
13/01/2014,3,35,11,7,4,27,31,0,17,8,6,0,19,5,0,31,24,8,28,16,42,15,8,62,13,6,23,2,36
13/01/2014,4,18,25,2,4,19,41,6,28,1,4,1,12,7,1,48,24,31,15,18,46,15,2,38,15,3,15,4,47
13/01/2014,5,29,71,28,64,63,95,38,26,19,50,16,15,4,31,92,94,59,19,31,141,47,24,29,61,7,16,4,114
13/01/2014,6,71,221,134,510,188,166,99,81,88,341,77,74,31,149,243,422,222,90,66,419,288,117,88,366,31,21,18,317
13/01/2014,7,228,723,576,2014,337,490,319,246,372,1317,146,328,100,346,654,918,558,399,203,1299,847,511,146,616,75,76,68,798
13/01/2014,8,647,1520,1429,4415,793,1074,720,600,866,2385,220,387,149,569,1688,2072,964,656,306,2666,1984,935,301,871,167,123,110,2028
13/01/2014,9,563,995,741,1473,815,1413,857,992,921,835,146,183,56,182,899,1146,403,1380,394,2108,1117,664,314,600,226,182,82,854
13/01/2014,10,716,606,426,704,1087,1929,1171,1481,1015,446,154,126,53,131,958,986,347,1806,451,2198,770,359,363,637,299,265,85,700
13/01/2014,11,816,637,424,684,705,2213,1711,2155,1497,441,121,210,104,163,1083,1208,527,819,497,2036,656,411,540,525,499,29,101,949
13/01/2014,12,1459,1649,654,1171,1620,3405,3153,3683,2616,1052,342,417,209,577,1494,1925,565,638,932,2736,1257,665,1060,787,982,0,115,1138
13/01/2014,13,1658,1477,705,1069,2304,3655,3283,3580,2428,925,193,349,220,428,1563,1806,467,508,682,2940,1181,569,956,795,872,0,138,1418
13/01/2014,14,1372,563,444,727,2295,3255,2535,2643,1535,418,138,208,87,176,1479,1326,465,530,508,2734,728,346,210,580,793,0,98,1008
13/01/2014,15,1246,628,426,927,2174,3042,2397,2575,1593,770,138,165,112,183,1741,1378,502,485,479,2738,930,300,0,580,767,0,113,1753
13/01/2014,16,1282,729,771,1950,2146,2952,2249,2271,1355,1581,202,210,102,277,1704,1387,684,1000,509,2669,1666,429,0,756,732,0,94,1375
13/01/2014,17,1625,1149,1395,2912,2336,2994,2541,2124,1399,2315,237,295,149,692,2301,2311,1252,2213,501,3557,2695,671,0,1043,796,0,176,1822
13/01/2014,18,1270,577,533,878,2044,2353,1795,920,557,827,148,291,130,357,1517,1416,641,1475,417,2851,1335,280,0,607,677,0,173,938
13/01/2014,19,906,317,176,326,1726,1526,797,571,356,227,101,253,124,182,919,1058,438,738,325,1892,629,180,0,488,684,0,102,460
13/01/2014,20,819,322,137,148,1386,1250,629,362,277,143,62,346,171,108,951,737,373,727,310,1527,402,114,0,344,608,0,86,459
13/01/2014,21,680,211,93,107,1339,1174,378,278,219,100,71,330,164,96,849,588,280,525,260,1422,267,135,0,271,560,0,71,391
13/01/2014,22,471,134,76,93,1009,851,240,191,201,97,24,123,95,44,877,620,259,1827,142,1240,181,106,0,225,311,0,51,324
13/01/2014,23,290,88,41,60,626,527,148,169,99,49,15,108,59,33,401,334,195,147,140,730,131,67,0,99,173,0,55,153
14/01/2014,0,90,41,13,39,220,144,14,70,31,17,6,20,9,7,117,157,51,24,64,230,31,32,0,43,75,0,14,68
14/01/2014,1,52,31,12,12,113,79,0,61,21,6,1,3,4,1,55,43,22,12,56,79,14,8,0,27,48,0,3,34
14/01/2014,2,25,9,1,7,70,53,9,29,7,1,4,3,0,2,30,27,10,4,19,39,9,18,0,10,18,0,12,17
14/01/2014,3,6,8,2,2,30,39,13,12,12,4,2,5,5,1,36,17,10,8,40,50,10,11,0,44,7,0,9,35
14/01/2014,4,8,18,1,3,37,22,9,10,5,6,5,6,0,4,49,27,45,19,22,45,17,9,0,31,4,0,4,49
14/01/2014,5,25,79,23,72,78,103,37,46,21,67,17,15,3,22,83,57,55,19,55,141,102,30,0,46,12,0,4,113
14/01/2014,6,63,252,180,600,122,180,97,90,122,343,81,78,26,135,283,393,219,160,127,441,532,155,0,241,38,0,36,268
14/01/2014,7,252,742,711,2027,343,544,326,259,453,1201,186,294,94,331,706,1131,499,385,270,1273,1514,464,0,534,56,0,104,787
14/01/2014,8,832,1493,1415,4181,1101,1196,627,656,903,2577,217,309,104,556,1615,2295,875,432,494,2809,2536,825,0,650,185,0,169,2027
14/01/2014,9,574,879,627,1508,773,1265,673,978,850,896,140,170,53,178,819,1108,355,485,599,2182,1482,489,0,581,130,0,123,779
14/01/2014,10,656,632,342,744,1000,1639,1063,1418,972,438,140,81,23,106,768,1031,391,385,682,2034,1004,316,0,380,235,0,164,645
14/01/2014,11,717,595,364,600,687,1957,1606,1709,1186,347,137,76,30,124,823,924,261,313,811,1803,926,280,0,332,327,0,188,146
14/01/2014,12,1245,1401,529,851,887,2488,2461,2406,2070,1039,265,100,43,257,1015,1409,263,196,1222,2311,1593,415,0,388,644,0,160,0
14/01/2014,13,1180,1118,490,834,0,2585,2328,2459,1814,748,195,93,35,192,981,1126,253,137,1020,2267,1355,319,0,425,670,0,158,0
14/01/2014,14,881,524,353,594,1607,2158,1775,1826,1185,478,118,61,26,83,682,875,231,136,518,2072,1023,249,0,318,620,0,125,0
14/01/2014,15,831,553,447,1032,1810,2346,1765,1570,1100,779,132,68,13,134,1201,938,287,226,438,1841,1307,252,0,298,541,0,102,0
14/01/2014,16,1168,634,870,1906,1752,2318,1737,1406,973,1385,248,88,41,233,1140,1276,568,596,422,2377,2393,419,0,355,486,0,110,0
14/01/2014,17,1415,864,1240,2515,2095,2281,1776,1713,1041,2107,378,247,84,553,1789,826,1057,1409,417,3382,3255,578,0,631,546,0,158,1405
14/01/2014,18,1066,584,499,925,1737,1826,1275,947,605,837,204,421,148,294,1189,1092,539,1264,346,2439,1798,362,0,575,650,0,106,697
14/01/2014,19,846,251,160,299,1526,1305,764,441,387,303,131,250,69,119,806,658,277,1147,283,1344,843,157,0,312,507,0,82,346
14/01/2014,20,818,275,83,142,1536,1166,524,325,274,119,44,280,153,89,828,750,377,1109,254,1453,436,81,0,224,476,0,79,287
14/01/2014,21,632,202,108,89,1394,1045,337,311,214,119,70,264,146,60,904,635,221,1075,194,1326,475,88,0,231,500,0,71,315
14/01/2014,22,482,139,55,90,1037,960,305,265,174,101,145,429,118,73,718,509,245,831,141,1046,273,127,0,160,355,0,71,259
14/01/2014,23,229,102,47,60,627,546,152,111,143,62,51,93,48,22,467,362,259,967,149,748,121,50,0,87,227,0,50,152
15/01/2014,0,156,60,10,29,315,420,61,82,77,29,2,15,18,17,197,216,106,138,93,338,45,27,0,46,108,0,19,64
15/01/2014,1,57,13,7,17,122,147,20,26,8,6,4,13,2,4,58,68,33,32,49,75,6,12,0,28,77,0,11,23
15/01/2014,2,41,8,14,20,47,49,17,13,13,4,1,4,0,1,37,34,13,16,16,42,14,11,0,15,44,0,10,17
15/01/2014,3,21,5,2,2,31,57,7,23,7,4,4,4,3,4,41,25,3,18,32,50,5,2,0,3,20,0,5,35
15/01/2014,4,11,14,0,5,20,41,3,18,7,7,2,5,3,3,39,27,50,18,27,36,4,3,0,8,0,0,3,30
15/01/2014,5,29,72,24,81,84,73,25,27,21,38,15,13,11,21,100,109,48,18,42,122,62,31,0,60,9,0,5,92
15/01/2014,6,64,208,180,507,176,185,89,74,88,295,70,76,55,105,300,353,195,96,64,553,304,102,0,249,29,0,15,269
15/01/2014,7,303,740,557,1918,296,516,298,261,372,1324,172,191,73,344,671,1017,469,279,202,1428,993,341,0,499,70,0,80,793
15/01/2014,8,594,1538,1359,4100,714,1011,692,667,769,2432,200,260,99,519,1355,2101,800,396,365,2644,2042,726,0,603,135,0,164,1706
15/01/2014,9,556,990,639,1590,736,1257,708,1090,905,913,176,127,45,145,936,1205,408,450,407,1932,1181,512,0,472,176,0,100,864
15/01/2014,10,727,528,393,722,961,1853,1148,1328,919,364,148,115,38,93,1116,836,328,972,477,1944,803,328,0,383,293,0,109,1026
15/01/2014,11,833,553,349,586,977,2263,1616,1846,1255,407,148,121,48,133,1020,985,330,354,518,1862,745,329,0,344,432,0,110,717
15/01/2014,12,1226,1520,505,809,1548,2792,2375,2754,2020,925,256,188,64,290,1143,1470,366,191,805,2441,1246,440,0,556,774,0,93,0
15/01/2014,13,1214,1278,452,746,1663,2573,2151,3023,1965,658,191,89,31,213,1108,1433,380,250,623,2438,1082,351,0,422,670,0,116,949
15/01/2014,14,1103,580,321,547,1639,2424,1745,2127,1334,354,173,82,60,85,1227,934,253,214,446,1882,770,305,0,532,666,0,93,1276
15/01/2014,15,1264,594,452,865,1754,2645,1858,1945,1315,571,160,125,40,137,1570,1095,343,296,514,2035,1066,270,0,510,598,0,89,1413
15/01/2014,16,1266,667,713,1803,1501,2561,1685,2027,1224,1132,175,164,64,255,1398,1410,577,861,573,2803,1660,443,0,526,511,0,112,1579
15/01/2014,17,1568,986,1162,2448,1924,2607,1886,1903,1234,1719,279,207,105,558,1953,2032,978,888,777,3287,2409,507,0,732,499,0,189,1577
15/01/2014,18,1263,572,498,980,1701,2044,1359,993,633,674,201,233,139,285,1594,1220,564,888,824,2118,1225,311,0,558,566,0,277,947
15/01/2014,19,1004,361,191,394,1555,1532,883,478,348,192,109,335,138,147,1463,888,340,547,1013,1608,581,196,0,325,619,0,239,1116
15/01/2014,20,921,280,113,193,1446,1298,666,403,289,105,79,452,232,135,979,806,353,384,836,1402,407,122,0,362,572,0,266,401
15/01/2014,21,709,220,75,116,1298,1073,444,327,225,78,54,399,189,84,862,725,271,454,523,1530,396,97,0,286,489,0,247,380
15/01/2014,22,518,210,72,92,1228,1007,281,253,187,71,34,212,147,47,1377,640,258,624,573,1301,242,94,0,212,426,0,238,993
15/01/2014,23,294,77,58,54,672,688,156,92,142,50,8,77,54,24,528,458,168,712,209,744,155,62,0,136,220,0,67,251
16/01/2014,0,121,42,18,28,324,290,78,48,52,32,6,14,19,8,159,205,63,57,120,263,90,48,0,57,124,0,31,45
16/01/2014,1,73,25,7,9,134,110,43,22,19,10,5,23,2,7,37,71,16,18,56,92,14,5,0,36,80,0,26,23
16/01/2014,2,41,14,1,7,56,52,20,16,8,4,0,10,10,3,30,24,15,4,47,20,17,8,0,8,24,0,4,15
16/01/2014,3,24,10,3,6,46,31,11,26,5,2,3,6,3,2,34,23,21,20,29,39,9,5,0,13,22,0,8,25
16/01/2014,4,17,7,1,3,33,16,7,12,13,5,0,5,3,2,33,18,29,9,35,25,20,0,0,22,7,0,6,38
16/01/2014,5,21,54,16,83,91,76,30,15,23,45,22,19,9,26,95,96,66,30,65,117,134,30,0,60,10,0,15,112
16/01/2014,6,71,234,158,471,187,182,70,104,92,263,69,71,51,126,217,341,202,115,106,511,594,119,0,184,32,0,40,335
16/01/2014,7,256,750,608,1823,319,486,278,246,382,1030,188,220,87,347,585,978,428,297,262,1326,1744,371,0,410,58,0,76,607
16/01/2014,8,547,1401,1414,4025,832,1041,661,745,810,2212,244,316,111,476,1438,2066,766,351,480,2403,2719,827,0,535,130,0,141,1564
16/01/2014,9,507,899,647,1385,622,1198,673,1006,932,1068,156,107,37,154,947,1174,286,310,629,1905,1484,526,0,366,125,0,118,750
16/01/2014,10,582,617,266,693,906,1575,1103,1423,967,427,178,64,31,127,892,979,323,271,572,2053,1120,363,0,228,238,0,171,856
16/01/2014,11,740,639,306,594,697,1835,1485,1825,1008,345,131,85,41,123,870,896,221,223,707,1880,1001,220,0,280,321,0,151,159
16/01/2014,12,1294,1360,482,776,926,2516,2529,2932,1828,958,249,143,45,242,1064,1329,244,196,1061,2268,1673,418,0,290,681,0,181,0
16/01/2014,13,1108,1213,483,778,0,2289,2498,2439,1979,776,211,103,24,171,1001,1109,201,195,975,1946,1500,375,0,358,698,0,134,0
16/01/2014,14,912,647,313,578,1483,2157,1728,1889,1289,504,151,50,12,107,984,914,246,200,544,1973,1040,273,0,270,569,0,64,1131
16/01/2014,15,1216,638,550,1178,1714,2386,1623,1809,1106,1102,180,91,16,111,1310,1061,348,255,472,2058,1758,373,0,292,409,0,85,1507
16/01/2014,16,1191,676,818,1963,1543,2219,1571,1964,919,1240,248,130,57,256,1485,1410,628,393,359,2385,1428,415,0,610,414,0,83,1059
16/01/2014,17,1326,789,904,1973,1910,2332,1971,1760,1125,1304,289,181,61,474,1744,1626,790,599,432,2515,1732,516,0,696,602,0,143,1507
16/01/2014,18,1263,576,407,742,1548,2108,1359,1296,704,530,175,191,62,297,1316,1105,483,754,357,2073,992,277,0,562,664,0,128,892
16/01/2014,19,964,337,181,316,1240,1652,1007,791,365,161,135,196,89,117,1356,879,325,1521,264,1793,487,165,0,272,481,0,78,1183
16/01/2014,20,908,453,124,144,1444,1457,815,547,257,94,80,266,100,85,844,749,249,420,247,1318,421,115,0,187,524,0,73,436
16/01/2014,21,621,193,105,107,1225,1344,326,322,240,89,46,320,172,73,825,757,344,244,211,1148,260,132,0,250,449,0,43,329
16/01/2014,22,482,166,79,89,775,974,316,257,214,59,50,178,103,53,1270,567,253,231,147,945,208,106,0,220,405,510,63,1035
16/01/2014,23,290,141,60,58,591,936,151,169,159,41,25,106,73,25,438,396,149,372,117,658,129,67,0,127,193,165,34,211
17/01/2014,0,109,67,27,34,348,415,73,79,72,12,2,56,27,15,235,231,125,417,108,325,66,30,0,68,105,165,34,121
17/01/2014,1,81,33,18,23,187,307,46,54,60,17,2,14,3,9,138,109,42,375,99,169,15,36,0,30,43,57,14,74
17/01/2014,2,63,19,19,18,152,162,18,17,31,11,1,19,18,2,64,56,29,22,72,86,13,14,0,11,36,49,18,57
17/01/2014,3,13,17,1,5,58,88,21,20,13,2,2,2,0,3,36,31,9,13,46,35,9,8,0,13,18,51,10,30
17/01/2014,4,19,11,1,13,34,42,15,8,6,9,2,10,2,3,40,15,36,29,39,41,22,10,0,19,7,26,8,33
17/01/2014,5,27,60,21,63,85,81,28,27,20,49,11,9,0,17,86,90,60,19,55,151,60,23,0,53,8,24,16,101
17/01/2014,6,63,182,162,410,158,153,72,95,79,236,67,82,33,106,249,358,193,87,158,520,399,93,0,159,30,18,37,279
17/01/2014,7,275,662,522,1698,321,481,237,207,393,964,193,201,62,294,587,1069,393,265,228,1128,1052,376,0,393,61,47,68,714
17/01/2014,8,661,1404,1259,3929,739,891,567,640,684,2111,233,239,81,448,1301,2034,672,326,464,2264,2033,768,0,456,107,158,117,1427
17/01/2014,9,535,919,626,1422,744,1168,760,1111,957,957,153,152,43,159,866,1128,341,212,525,2046,1171,516,0,513,111,127,139,864
17/01/2014,10,621,564,315,643,906,1675,1206,1571,1027,454,168,123,43,101,816,930,270,291,670,2152,1022,334,0,548,195,0,116,736
17/01/2014,11,801,547,305,498,755,1806,1551,1651,1207,386,111,82,42,101,962,1107,261,253,705,2042,861,276,0,386,363,0,149,1063
17/01/2014,12,1357,1426,437,765,1089,2332,2436,2715,2074,877,259,135,29,298,1043,1433,239,165,954,2080,1299,399,0,337,665,0,232,1574
17/01/2014,13,1218,1192,415,708,1497,2425,2604,2686,1796,815,192,81,40,303,1128,1145,259,117,915,2166,1256,366,0,413,683,0,142,1533
17/01/2014,14,831,553,367,519,1656,2406,2084,2136,1284,558,128,65,19,116,1079,973,252,114,608,2052,966,244,0,376,552,0,129,1166
17/01/2014,15,910,462,476,862,1788,2482,1783,1821,1159,810,187,70,16,120,1583,1160,264,173,497,2196,1275,273,0,325,608,0,97,1649
17/01/2014,16,1276,731,618,1561,1587,2329,1810,1932,1201,1484,272,181,37,318,1483,1201,472,345,476,2486,1926,375,0,480,677,0,115,1594
17/01/2014,17,1845,1009,875,1914,1544,2344,1889,2268,1346,1840,252,241,116,565,2269,1802,928,1576,488,3218,2153,625,0,921,541,0,134,1921
17/01/2014,18,1349,614,370,733,1641,2068,1603,1809,867,670,212,332,159,272,1735,1403,648,1544,400,2710,1151,322,0,736,725,621,121,1149
17/01/2014,19,1211,395,212,284,1476,1742,1166,1308,658,254,147,420,273,171,1896,980,372,675,359,2027,713,205,0,508,899,756,85,1391
17/01/2014,20,1010,439,141,161,1518,1466,1262,1123,407,115,97,392,158,129,1169,834,359,265,330,1536,485,177,0,472,857,722,97,503
17/01/2014,21,1088,255,108,167,1643,1391,670,504,244,90,74,427,328,82,1118,845,318,324,274,1283,415,150,0,370,749,587,90,484
17/01/2014,22,852,246,157,87,1569,1409,450,389,241,70,79,269,133,53,1732,761,324,364,257,1247,311,138,0,311,764,692,73,1058
17/01/2014,23,641,206,96,92,1440,1107,343,301,261,68,51,137,109,44,823,627,299,568,189,1108,236,83,0,211,467,475,54,444
18/01/2014,0,383,125,73,54,735,841,194,278,201,28,25,71,51,16,606,469,198,1187,184,873,157,52,654,149,313,341,43,233
18/01/2014,1,242,48,26,37,549,403,132,149,74,20,32,57,19,19,272,235,101,78,145,354,54,30,524,99,285,213,25,97
18/01/2014,2,166,35,13,36,313,215,75,62,42,5,11,18,3,6,140,108,34,24,93,181,29,27,356,30,143,136,31,69
18/01/2014,3,120,19,8,18,230,219,72,79,37,4,9,23,14,8,120,94,39,13,95,215,24,27,268,12,55,113,19,65
18/01/2014,4,57,13,7,11,81,107,32,70,24,4,6,8,4,2,68,58,48,26,75,75,19,21,258,9,20,75,8,58
18/01/2014,5,35,26,10,6,68,93,16,46,10,12,9,9,2,11,75,48,66,19,79,92,75,35,111,33,27,17,14,48
18/01/2014,6,32,50,23,21,99,133,69,80,49,31,16,41,24,40,76,76,90,42,116,184,167,44,92,88,12,30,30,52
18/01/2014,7,99,101,58,30,259,220,96,113,135,52,29,59,45,74,130,235,139,116,264,375,272,86,105,281,35,25,84,96
18/01/2014,8,200,177,79,47,371,507,309,274,351,109,68,102,47,104,357,327,161,246,549,811,449,118,121,353,81,58,155,268
18/01/2014,9,332,276,152,77,644,1099,677,908,840,85,80,207,87,142,730,650,266,836,1075,1534,534,189,210,495,173,151,299,565
18/01/2014,10,709,348,145,112,996,1965,1182,1642,1358,115,105,207,96,176,1209,1017,364,1988,1429,2021,696,256,314,602,321,208,353,1027
18/01/2014,11,943,372,209,108,1262,2471,1871,2470,1476,106,60,283,168,178,1558,1235,449,1440,1580,2109,723,215,525,820,438,388,401,1497
18/01/2014,12,1216,345,184,75,1875,3035,2295,2963,1646,100,119,331,196,212,2096,1187,488,935,1992,2096,771,165,613,1125,741,550,493,2081
18/01/2014,13,1561,403,200,81,2126,3230,2559,3116,1554,137,86,442,212,185,2191,1335,478,784,1899,2285,782,173,863,946,873,673,468,2271
18/01/2014,14,1755,351,188,100,2168,3628,2709,3282,1730,109,98,377,214,199,2109,1350,536,898,1589,2436,655,159,938,1022,844,588,369,2137
18/01/2014,15,1842,352,156,53,2154,3312,2679,3422,1611,95,104,397,225,212,2224,1610,613,1027,1150,2613,741,197,927,1115,841,548,288,1991
18/01/2014,16,1733,450,158,73,2110,3391,2603,3047,1476,111,105,429,232,179,2401,1611,630,1332,690,2783,781,247,938,964,856,568,172,2409
18/01/2014,17,1638,561,180,77,2007,2932,2066,2297,967,113,162,527,290,156,2052,1463,579,1786,411,2454,766,239,1016,928,797,673,132,1562
18/01/2014,18,1286,533,168,69,1981,2468,1326,1114,540,149,139,753,267,187,1963,1334,522,2330,396,2121,824,239,1016,735,841,905,130,1106
18/01/2014,19,1188,438,104,84,1822,2011,837,620,430,95,137,565,198,96,1663,1147,393,1058,341,1690,500,133,912,416,936,1047,113,882
18/01/2014,20,925,448,128,55,1927,1647,643,447,269,64,67,369,183,70,1327,937,376,603,284,1451,339,122,858,416,936,974,75,561
18/01/2014,21,896,290,99,59,1797,1686,447,340,248,58,69,294,183,52,1254,867,365,514,287,1402,296,106,879,354,824,798,82,402
18/01/2014,22,703,229,95,68,1449,1423,460,383,255,77,102,379,171,70,1163,790,341,537,249,1257,376,155,850,345,830,846,71,438
18/01/2014,23,748,242,124,69,1463,1354,435,371,404,93,154,375,114,70,1114,804,358,2181,229,1288,366,142,815,347,639,718,69,377
19/01/2014,0,415,107,77,39,814,1122,292,261,182,33,30,104,37,16,541,435,273,56,156,746,209,84,776,211,463,525,57,185
19/01/2014,1,364,68,65,29,622,667,255,258,99,23,26,39,13,10,353,289,137,32,179,433,97,67,760,131,438,434,51,131
19/01/2014,2,232,55,53,30,433,522,156,228,118,7,16,9,3,8,378,220,106,10,131,444,52,37,709,70,204,297,42,121
19/01/2014,3,155,43,25,38,313,351,181,222,103,10,9,6,0,3,278,147,67,9,128,415,38,61,622,29,94,176,17,92
19/01/2014,4,54,12,9,20,104,173,73,105,39,4,16,12,4,2,87,70,45,35,73,148,38,35,367,19,43,98,9,55
19/01/2014,5,36,15,12,15,60,93,67,46,26,10,6,6,4,4,63,67,62,10,50,89,43,24,154,52,27,43,9,55
19/01/2014,6,44,27,10,8,71,118,31,45,36,14,11,23,19,30,78,49,48,41,54,115,54,30,117,50,35,31,16,107
19/01/2014,7,44,66,38,14,163,185,80,82,87,29,27,50,23,55,140,118,112,89,166,275,178,53,124,134,40,33,50,171
19/01/2014,8,144,104,65,48,293,361,188,204,223,85,40,99,83,130,278,243,186,218,306,558,332,107,102,228,70,63,78,371
19/01/2014,9,283,204,125,55,513,882,508,581,656,91,54,189,226,169,805,554,252,675,581,1214,481,179,211,372,135,111,151,880
19/01/2014,10,463,272,129,78,895,1650,1045,1337,1035,122,79,255,320,189,1225,897,448,1654,998,1745,641,220,352,659,248,298,247,1425
19/01/2014,11,812,302,176,91,1148,2104,1645,1935,1148,97,59,406,598,261,1775,1023,465,1497,1317,1938,586,212,488,789,467,441,382,2078
19/01/2014,12,1129,421,151,72,1692,2596,2091,2527,1489,104,64,568,629,225,2320,1148,498,1039,1617,2096,650,190,755,871,737,638,328,2541
19/01/2014,13,1386,292,143,114,1885,2924,2484,2814,1395,101,77,460,632,204,2360,1250,453,906,1630,2159,587,147,873,1006,933,654,361,2849
19/01/2014,14,1713,527,132,74,1958,3094,2642,3048,1522,87,72,522,702,192,2705,1353,621,857,1496,2437,613,181,942,1115,846,663,319,3058
19/01/2014,15,1590,359,177,98,2234,3132,2611,3057,1291,128,59,600,732,220,2668,1304,558,953,1239,2251,594,166,912,1119,793,498,271,2935
19/01/2014,16,1530,359,147,82,2083,3012,2530,2659,1196,101,91,406,554,191,2387,1312,595,1195,775,2588,660,195,947,985,814,369,190,2893
19/01/2014,17,1621,439,146,66,2156,2777,1926,1790,836,110,106,485,428,228,2621,1277,533,1964,415,2476,669,157,1019,868,896,599,120,2437
19/01/2014,18,1141,379,115,60,1802,2111,1173,854,437,126,68,307,203,138,1715,1003,449,1586,386,2022,607,153,830,615,800,621,153,1611
19/01/2014,19,830,282,83,77,1649,1703,773,463,337,80,91,415,175,111,1262,889,366,812,277,1609,390,121,890,294,756,697,89,884
19/01/2014,20,767,250,94,54,1460,1266,518,386,245,66,72,252,124,62,1036,832,335,434,314,1371,340,138,634,282,788,565,97,492
19/01/2014,21,670,141,62,65,1101,1031,353,295,181,59,90,185,86,62,1295,743,294,175,299,1161,240,115,570,233,622,400,57,1326
19/01/2014,22,357,132,54,53,932,687,236,166,126,45,39,153,97,35,634,512,218,190,231,846,192,102,514,146,374,290,57,408
19/01/2014,23,272,93,43,22,538,423,137,79,105,24,14,118,38,69,392,351,190,992,135,600,132,66,264,98,164,135,44,156
20/01/2014,0,133,31,16,24,279,314,44,68,67,36,20,46,20,18,159,173,76,52,88,321,61,44,228,109,113,94,24,79
20/01/2014,1,59,14,7,12,118,78,35,24,18,4,10,17,6,9,67,70,26,15,31,55,14,16,99,40,64,29,17,30
20/01/2014,2,48,5,8,4,47,42,19,17,3,2,7,13,1,1,33,23,21,5,48,37,11,13,95,18,41,5,14,16
20/01/2014,3,20,6,3,16,45,39,4,11,9,1,0,7,1,0,32,46,31,8,32,24,12,3,54,7,7,5,8,17
20/01/2014,4,35,4,1,3,21,48,9,16,35,2,0,3,1,3,43,20,29,4,21,44,16,4,24,16,4,4,3,50
20/01/2014,5,22,61,27,90,89,84,21,24,21,56,16,16,2,24,108,113,74,27,35,147,180,40,20,62,15,4,7,108
20/01/2014,6,89,234,188,679,200,210,104,92,91,329,74,88,45,145,317,459,229,96,85,538,641,158,99,224,33,43,20,256
20/01/2014,7,315,769,731,2198,356,525,321,267,441,1472,169,230,103,405,764,1055,524,356,199,1197,1895,490,161,606,70,79,58,752
20/01/2014,8,728,1736,1661,4791,780,1029,728,628,924,2829,223,328,132,586,1374,2292,994,508,413,2528,3306,991,276,726,170,134,123,1253
20/01/2014,9,551,869,757,1666,767,1372,943,1000,1092,1051,164,175,79,220,911,1071,378,595,473,1833,1710,539,322,458,235,152,80,692
20/01/2014,10,734,691,485,813,1082,2043,1401,1553,1536,448,146,173,81,169,1120,1033,352,1090,545,2140,1220,416,438,497,344,224,102,735
20/01/2014,11,1019,669,489,741,1475,2779,1917,2316,1784,449,95,247,123,212,1457,1290,435,739,609,2313,1189,478,627,674,475,421,73,1011
20/01/2014,12,1646,1617,692,1144,2173,3846,3316,3755,2862,1108,309,398,220,676,1820,2139,682,631,945,3096,1919,625,1103,940,919,674,159,1454
20/01/2014,13,1845,1400,680,1172,2397,4041,3529,3904,2800,1001,201,431,250,461,1962,2127,603,554,866,3281,1729,626,1164,874,990,661,128,1738
20/01/2014,14,1562,765,496,847,2261,3642,2890,2997,2078,526,125,262,152,252,1786,1371,484,529,671,2848,1284,489,910,713,755,448,126,1370
20/01/2014,15,1633,681,546,1149,2349,3478,2614,2856,1776,813,204,230,129,231,1831,1493,613,497,559,2765,1477,454,884,782,828,432,114,1523
20/01/2014,16,1714,798,932,2187,2204,3261,2224,2554,1516,1581,286,260,91,339,1997,1643,796,822,554,2945,2711,495,831,800,675,368,140,1651
20/01/2014,17,2056,1189,1463,3189,2329,3046,2289,2189,1263,2366,270,336,142,720,2488,2298,1345,1208,595,3739,3651,638,922,1143,771,455,195,1891
20/01/2014,18,1432,735,634,1188,2008,2228,1585,1146,618,865,116,292,139,377,1504,1298,675,1187,479,2607,1617,348,807,697,718,510,147,1021
20/01/2014,19,1079,399,193,352,1559,1774,725,555,346,285,116,226,113,189,1142,882,418,1274,312,1857,801,167,633,499,659,592,126,687
20/01/2014,20,830,431,132,211,1410,1325,519,437,304,160,64,219,86,122,937,707,281,525,262,1605,446,198,551,320,651,458,121,340
20/01/2014,21,674,200,100,138,1118,1050,348,339,183,99,37,137,82,45,798,605,228,204,218,1148,360,128,522,247,434,356,73,377
20/01/2014,22,439,187,70,73,838,858,232,179,172,66,25,64,40,44,557,439,247,527,175,930,234,123,436,230,277,278,53,246
20/01/2014,23,207,148,51,78,477,522,108,122,122,46,14,54,44,23,407,307,192,533,138,617,142,81,225,169,131,115,55,125
21/01/2014,0,105,42,17,23,187,215,46,41,51,14,5,37,16,7,90,117,58,20,67,139,47,21,126,34,89,29,25,61
21/01/2014,1,46,17,2,21,63,66,18,23,14,2,1,10,7,1,33,50,26,11,44,85,15,12,81,18,32,24,17,25
21/01/2014,2,45,11,1,12,51,33,11,13,10,3,3,1,0,3,23,30,14,4,47,39,19,15,31,18,17,31,9,9
21/01/2014,3,18,4,2,5,25,27,6,10,6,4,2,1,2,1,31,22,6,14,16,42,8,2,22,5,3,3,5,17
21/01/2014,4,10,3,1,6,17,33,2,15,15,6,0,12,6,5,39,14,27,15,20,23,18,18,33,8,15,4,12,47
21/01/2014,5,23,55,29,98,71,69,25,45,18,56,11,17,4,37,103,114,67,29,59,142,175,34,36,56,6,7,14,123
21/01/2014,6,77,224,205,716,192,211,97,78,129,375,101,72,35,181,332,500,248,171,124,566,649,157,113,231,39,46,27,300
21/01/2014,7,326,813,827,2393,391,565,315,237,424,1458,185,238,105,471,754,1133,544,366,309,1320,1986,512,154,600,106,74,73,726
21/01/2014,8,718,1729,1697,4588,803,1166,770,644,1020,2883,282,295,118,558,1369,2293,1006,499,540,2664,3317,994,304,840,152,170,164,1284
21/01/2014,9,556,887,854,1668,783,1389,919,910,1063,1026,178,123,48,199,835,1118,395,561,701,1834,1617,581,296,466,197,175,141,782
21/01/2014,10,631,547,486,775,1066,2049,1342,1519,1525,485,154,152,54,146,972,925,304,966,1037,1979,1160,453,449,418,313,273,229,775
21/01/2014,11,937,642,394,832,1532,2668,2049,2234,1765,537,143,215,111,224,1304,1117,384,621,1237,2082,1196,438,612,473,497,385,230,993
21/01/2014,12,1658,1538,709,1208,2319,4075,3324,3807,2767,1141,311,394,233,672,1818,1965,659,559,2015,3070,1853,724,1202,913,872,744,316,1498
21/01/2014,13,1790,1516,704,1223,2367,3986,3492,4256,2748,982,279,414,219,462,1896,1882,503,547,1655,3102,1732,652,1173,829,900,648,310,1740
21/01/2014,14,1674,721,519,845,2479,3581,2779,3155,1994,534,176,258,131,260,1630,1439,548,408,1105,2954,1268,482,850,790,820,445,245,1380
21/01/2014,15,1725,674,586,1165,2564,3406,2647,2886,1761,798,173,272,125,228,1969,1492,612,526,767,3094,1607,463,981,839,837,521,166,1621
21/01/2014,16,1819,728,967,2192,2478,3469,2622,2903,1546,1781,240,312,138,357,2361,1799,848,901,586,3478,2844,532,883,1049,698,350,154,1699
21/01/2014,17,2059,1145,1458,3038,2603,3542,2680,2719,1501,2549,254,333,156,727,2603,2433,1292,1392,608,3905,3559,739,1052,1274,802,484,224,2134
21/01/2014,18,1479,677,611,1199,2156,2548,1876,1402,715,1009,203,322,150,427,2127,1532,812,2136,528,2861,1758,405,983,849,777,676,172,1510
21/01/2014,19,1104,408,201,358,1817,1913,936,679,348,248,132,220,98,162,1459,958,439,961,372,1941,862,166,824,433,727,680,103,1089
21/01/2014,20,918,286,154,208,1588,1603,621,384,248,169,84,190,80,105,951,695,260,243,264,1507,493,137,694,180,675,542,100,429
21/01/2014,21,637,260,130,109,1263,1238,323,281,200,103,37,151,83,76,1526,708,305,128,250,1157,429,148,546,166,515,468,86,991
21/01/2014,22,386,141,65,67,804,752,213,183,126,56,43,65,43,41,683,488,262,691,214,866,243,76,388,180,412,324,42,294
21/01/2014,23,303,131,71,53,620,1083,167,194,137,40,15,45,32,31,464,350,177,1328,152,732,155,103,357,112,237,298,33,204
22/01/2014,0,101,73,38,36,287,399,35,68,95,35,10,27,9,14,184,179,70,188,99,388,52,50,239,77,135,161,26,81
22/01/2014,1,53,39,25,16,113,162,30,33,25,9,1,5,4,5,55,59,21,47,59,143,13,31,126,35,99,50,25,27
22/01/2014,2,33,18,11,14,112,76,13,4,8,2,5,7,3,2,23,25,14,31,42,36,7,22,59,19,40,23,14,16
22/01/2014,3,35,17,5,5,52,72,20,15,11,3,2,3,1,1,37,16,8,18,19,41,2,3,40,5,43,23,3,28
22/01/2014,4,9,21,9,2,15,53,6,27,5,3,3,8,1,3,32,37,55,17,37,30,29,9,38,36,14,5,1,35
22/01/2014,5,27,66,25,98,82,81,23,23,36,57,18,13,3,29,88,101,67,25,39,157,177,40,37,60,10,8,10,100
22/01/2014,6,67,242,212,730,208,212,84,107,134,375,80,73,42,155,309,504,270,133,79,535,567,156,112,284,47,29,22,282
22/01/2014,7,309,775,842,2259,398,567,330,272,445,1409,191,229,91,423,847,1129,524,382,207,1366,1988,547,163,535,76,86,82,981
22/01/2014,8,826,1784,1854,4754,870,1140,774,680,973,2515,275,313,131,578,1440,2207,985,490,458,2540,3211,1011,303,851,157,158,148,1618
22/01/2014,9,619,894,838,1629,866,1368,943,915,1150,985,151,185,52,206,934,1170,402,421,532,1949,1589,463,342,464,234,163,127,921
22/01/2014,10,1030,642,463,763,1050,2118,1493,1518,1386,414,157,231,103,169,1227,1063,398,980,597,2188,1325,425,416,498,331,274,120,1145
22/01/2014,11,1049,742,536,736,1344,2726,2123,2252,1814,537,150,256,181,243,1576,1273,408,644,656,2435,1253,490,608,648,482,488,152,1351
22/01/2014,12,1699,1767,755,1107,2324,3839,3479,3920,2757,1220,384,457,255,620,2150,2278,708,754,1154,3092,2026,726,1304,1092,893,787,257,1760
22/01/2014,13,1855,1523,781,1148,2436,3971,4031,3970,2746,1021,233,433,245,478,2208,1994,533,554,1016,3170,1787,761,1204,980,993,690,219,1999
22/01/2014,14,1678,765,531,858,2340,3714,2930,3053,1972,502,146,295,165,209,1837,1671,578,566,814,2862,1334,529,921,797,776,512,187,1679
22/01/2014,15,1757,737,621,1053,2545,3839,2727,3038,1700,800,150,323,160,243,2142,1652,739,518,692,2984,1651,454,778,1070,841,542,138,1845
22/01/2014,16,1936,737,948,2139,2437,3476,2708,2817,1703,1678,229,370,176,399,2274,1831,784,618,776,3457,2657,541,829,954,690,405,189,1897
22/01/2014,17,2127,1121,1492,2987,2607,3343,2886,2502,1420,2554,294,419,222,735,2754,2749,1274,1092,1181,4082,3471,760,1102,1135,791,534,297,2149
22/01/2014,18,1464,681,630,1160,2240,2513,1931,1376,731,1213,187,284,153,480,1953,1631,817,1679,1501,3103,1758,400,1063,777,855,582,398,1506
22/01/2014,19,1090,446,258,468,1972,2133,1158,707,556,363,120,311,141,185,1488,1136,431,1075,1683,2359,931,257,872,397,791,714,467,1094
22/01/2014,20,960,235,151,251,1623,1724,688,433,268,155,84,265,108,123,1153,811,252,299,1514,1703,459,137,783,273,618,586,527,878
22/01/2014,21,570,181,133,171,1284,1238,374,347,225,103,60,164,89,63,866,630,264,133,1020,1389,410,122,640,216,467,468,473,415
22/01/2014,22,354,170,102,74,1027,793,276,212,189,79,47,81,47,43,871,478,224,115,771,1171,286,74,579,167,335,383,236,802
22/01/2014,23,340,169,99,80,798,1392,210,202,233,47,19,47,28,32,1746,466,242,1175,264,1042,172,110,435,98,225,275,70,1219
23/01/2014,0,107,48,12,22,255,301,85,76,64,24,11,17,8,7,229,174,56,119,126,319,60,32,237,52,115,117,29,123
23/01/2014,1,61,29,10,6,105,92,42,28,20,10,1,11,0,2,58,59,27,11,65,87,11,10,132,27,67,41,11,44
23/01/2014,2,31,10,4,10,59,42,18,15,5,3,8,12,2,2,24,27,10,8,52,55,9,9,75,12,35,22,7,21
23/01/2014,3,26,8,8,7,40,36,21,8,4,6,3,1,0,5,36,18,15,33,49,24,6,8,63,10,10,10,7,32
23/01/2014,4,9,7,2,5,15,46,8,11,6,3,4,0,6,4,24,27,38,10,28,31,15,6,32,15,7,8,4,30
23/01/2014,5,22,62,26,112,87,78,24,24,27,57,24,20,7,23,131,83,69,20,65,139,166,39,26,59,12,10,14,151
23/01/2014,6,82,240,173,645,208,211,90,114,108,394,74,71,30,165,335,420,260,125,141,581,643,156,153,211,40,30,36,369
23/01/2014,7,317,812,753,2243,449,504,346,290,424,1389,193,251,87,446,773,1119,555,383,323,1404,1883,533,180,491,76,88,86,952
23/01/2014,8,718,1744,1542,4632,928,1090,789,689,882,2771,283,347,128,560,1357,2265,987,463,547,2492,3234,975,336,644,206,196,226,1569
23/01/2014,9,538,928,721,1586,835,1299,953,932,915,1032,175,226,80,214,987,1141,375,348,627,1769,1785,632,334,451,256,123,140,864
23/01/2014,10,743,629,490,922,1027,1942,1500,1510,1133,569,169,217,72,164,1172,1001,356,553,797,1957,1283,474,468,422,315,311,194,837
23/01/2014,11,1027,728,475,771,1254,2587,2101,2230,1654,568,151,270,132,266,1326,1291,487,461,1107,2054,1274,489,654,596,432,223,230,1126
23/01/2014,12,1778,1671,680,1209,2121,3608,3301,3799,2777,1222,381,382,197,637,1862,2020,566,630,1859,3190,2049,689,1178,829,933,0,323,1500
23/01/2014,13,1836,1610,671,1254,2273,3950,3459,4109,2680,975,254,386,235,498,1866,1989,556,520,1541,3010,1714,677,1047,796,962,0,327,1542
23/01/2014,14,1497,849,485,829,2348,3554,2762,2952,1984,569,143,322,165,187,1767,1503,520,367,1045,2661,1348,458,798,755,781,0,156,1393
23/01/2014,15,1412,741,594,1214,2437,3342,2784,2749,1749,818,130,255,118,224,1765,1410,552,370,669,2722,1766,396,869,661,809,0,158,1511
23/01/2014,16,1395,672,846,1894,2316,2957,2327,2505,1567,1428,246,240,114,355,2078,1425,703,545,551,3265,1440,536,798,711,600,0,165,1577
23/01/2014,17,1904,1161,1337,2875,2647,3473,2750,2604,1445,2390,263,310,157,727,2436,2044,1261,1328,651,3672,2363,662,973,1168,785,0,221,1740
23/01/2014,18,1463,615,562,1025,2378,2861,2115,1825,873,1036,188,288,153,401,1757,1500,702,936,512,2716,1201,326,1060,689,847,0,176,1083
23/01/2014,19,1245,380,216,336,1763,2151,1359,948,429,287,95,314,173,191,1229,1041,423,518,301,1924,579,167,905,500,824,0,102,666
23/01/2014,20,1082,312,133,162,1786,1922,976,523,342,127,71,354,159,136,1093,731,339,218,310,1639,337,122,656,414,802,643,96,457
23/01/2014,21,681,267,95,129,1733,1601,396,337,220,79,56,238,176,81,886,683,330,236,243,1354,287,122,639,264,536,556,88,444
23/01/2014,22,509,203,82,86,1078,1060,303,228,175,82,25,149,79,56,644,546,263,163,195,946,218,73,637,223,432,548,84,285
23/01/2014,23,415,165,65,46,741,1233,256,184,235,43,33,48,18,33,660,411,215,1139,149,879,159,81,466,171,316,377,48,285
24/01/2014,0,230,38,21,47,467,386,90,76,91,27,16,23,5,11,230,219,88,229,100,422,55,42,394,85,168,184,28,78
24/01/2014,1,70,35,11,12,217,202,57,55,20,7,9,16,9,6,131,86,23,25,66,111,13,10,258,26,99,125,28,53
24/01/2014,2,67,20,14,14,106,95,35,27,11,4,3,4,0,1,42,33,9,7,43,59,13,20,192,12,62,69,6,21
24/01/2014,3,41,11,11,11,54,116,16,13,10,11,5,1,1,2,70,39,14,20,35,57,3,8,207,3,9,58,9,29
24/01/2014,4,30,11,6,9,58,57,19,24,14,6,5,8,1,1,52,41,56,27,20,36,20,0,128,3,14,54,11,47
24/01/2014,5,28,68,17,86,85,93,24,47,23,51,22,15,9,22,106,104,69,23,63,128,78,43,58,135,19,9,11,124
24/01/2014,6,69,222,172,667,204,192,52,88,125,316,71,46,20,123,275,460,221,78,145,540,396,193,80,165,38,23,36,235
24/01/2014,7,223,775,750,2053,394,549,276,249,327,1240,170,136,47,311,598,1007,489,215,316,1201,1284,415,137,328,50,35,120,624
24/01/2014,8,587,1877,1544,5244,645,1075,746,585,865,2297,247,183,58,453,1375,2067,1022,239,428,2157,2534,881,268,378,150,109,191,998
24/01/2014,9,502,1015,810,2084,686,1148,902,861,899,1042,154,72,15,173,1062,877,348,86,541,1567,1480,616,262,213,169,131,141,736
24/01/2014,10,576,627,413,877,829,1830,1332,1421,1295,316,122,44,28,100,902,799,317,92,635,1700,1082,386,366,421,239,194,187,523
24/01/2014,11,700,612,423,901,1228,2461,1738,2078,1611,447,117,117,54,145,1018,942,340,128,964,1866,973,486,452,258,427,278,266,795
24/01/2014,12,1345,1250,578,868,2283,3601,2963,3432,2230,1115,269,266,71,439,1530,1748,489,249,1605,2169,1541,536,1123,711,719,576,359,1252
24/01/2014,13,1634,1216,584,847,2506,3335,3326,3597,2424,1023,249,255,134,374,1583,1528,475,337,1470,2595,1522,590,1152,530,776,675,291,1300
24/01/2014,14,1470,677,395,727,1949,3063,2663,2662,1991,481,132,242,92,184,1612,1334,504,434,1089,2614,1183,390,859,591,728,449,207,1237
24/01/2014,15,1525,687,483,1012,2183,3260,2596,2687,1788,659,135,194,101,206,1787,1468,643,455,946,2743,1319,408,804,628,648,425,193,1369
24/01/2014,16,1550,709,872,1908,2166,3297,2260,2802,1807,1661,186,224,127,377,1827,1764,687,582,799,3307,2212,521,928,752,557,410,133,1536
24/01/2014,17,1882,1041,1110,2267,2497,3168,2811,2915,1453,1915,206,255,124,515,2077,2075,1081,694,491,3018,2920,596,1027,1012,925,496,178,1478
24/01/2014,18,1473,520,436,782,2373,2764,2224,2138,1001,635,145,302,125,270,1489,1521,695,598,434,2432,1317,289,1045,623,862,637,139,858
24/01/2014,19,1177,328,207,273,1962,2077,1531,1174,525,250,129,209,96,141,1281,979,384,300,319,1942,753,168,930,475,917,886,114,564
24/01/2014,20,918,316,138,206,1797,1830,1193,849,418,126,84,176,81,99,1054,673,359,143,348,1564,521,137,711,360,728,726,105,409
24/01/2014,21,773,202,109,135,1871,1523,463,386,199,95,82,114,61,55,905,751,274,130,241,1320,434,96,648,345,675,434,67,346
24/01/2014,22,771,268,147,83,1694,1634,443,351,317,96,72,129,69,53,1189,856,370,1784,222,1499,453,340,851,236,617,580,61,447
24/01/2014,23,454,148,61,70,1279,1872,260,251,251,58,40,60,15,38,932,676,315,105,268,1418,348,131,770,198,544,465,67,239
25/01/2014,0,381,86,47,50,786,1646,169,188,137,22,29,33,14,14,482,421,211,53,166,651,170,53,491,87,338,287,53,126
25/01/2014,1,191,34,16,33,436,760,107,137,66,7,6,8,14,8,184,152,64,25,177,318,49,59,397,84,250,207,31,77
25/01/2014,2,123,38,6,16,325,696,44,98,37,12,8,6,1,6,159,110,45,8,129,287,26,24,293,22,132,140,22,42
25/01/2014,3,80,17,12,22,235,858,55,63,34,2,18,10,6,5,91,100,39,5,74,145,21,35,292,11,81,43,10,60
25/01/2014,4,31,19,4,16,79,781,32,42,10,8,3,5,2,0,32,59,58,16,56,105,16,11,170,14,13,23,22,31
25/01/2014,5,34,39,17,12,49,334,31,35,31,8,8,3,4,9,50,45,57,8,68,95,56,29,128,22,10,21,11,42
25/01/2014,6,46,59,28,22,113,269,40,41,58,27,13,24,20,31,66,79,83,20,139,151,93,26,121,75,27,22,27,56
25/01/2014,7,98,85,43,24,217,192,70,91,84,40,17,45,34,67,103,154,108,71,197,222,151,48,65,183,30,17,43,62
25/01/2014,8,127,110,62,32,344,388,209,199,251,77,64,95,45,92,252,255,160,111,461,544,239,106,106,175,88,68,149,173
25/01/2014,9,259,178,76,56,573,898,650,616,613,85,106,173,42,116,530,518,231,155,808,882,311,123,134,334,134,125,269,359
25/01/2014,10,570,235,127,86,900,1459,1293,1382,1138,83,95,263,92,113,926,793,333,261,1316,1417,414,164,281,500,304,234,357,626
25/01/2014,11,861,315,155,80,1339,2266,1894,2360,1480,119,94,277,170,213,1427,1106,396,427,1740,1909,519,218,564,712,638,422,383,989
25/01/2014,12,1302,419,160,83,1954,3058,2431,3034,1521,114,90,362,266,189,1838,1217,457,588,1651,1908,467,219,824,955,679,590,465,1457
25/01/2014,13,1674,418,171,98,2248,3428,3187,3319,1639,118,85,397,226,171,2088,1314,487,580,1828,2299,452,217,925,916,816,698,461,1764
25/01/2014,14,1865,354,169,95,2369,3573,3406,3111,1763,155,79,504,254,173,2113,1325,568,613,1505,2460,525,171,814,1005,914,580,360,1595
25/01/2014,15,1731,464,137,97,2397,3330,3323,3530,1706,110,61,511,333,212,2271,1511,525,601,1125,2800,588,227,935,1116,999,623,252,1910
25/01/2014,17,1777,441,168,86,2269,2825,2190,2556,877,120,80,469,236,179,2023,1478,634,628,411,2191,533,207,1090,800,826,616,132,1190
25/01/2014,18,1309,419,132,67,2119,2341,1594,1000,472,120,118,474,319,160,1598,1411,573,711,352,1970,542,178,1120,688,818,716,124,856
25/01/2014,19,1045,370,115,76,1722,1623,1025,584,364,96,61,467,300,106,1444,910,365,414,322,1641,331,181,844,325,869,843,78,715
25/01/2014,20,807,369,127,42,1916,1464,633,408,207,76,53,333,204,70,1105,947,360,196,287,1546,288,123,835,292,916,785,86,446
25/01/2014,21,762,259,101,59,1888,1432,393,366,201,83,51,240,127,96,1120,969,458,602,234,1354,252,109,818,301,740,594,81,436
25/01/2014,22,608,242,100,58,1457,1302,371,363,265,90,68,161,83,50,1110,855,388,302,206,1170,249,108,955,225,653,742,77,458
25/01/2014,23,572,224,90,48,1077,965,267,227,217,56,45,102,42,27,775,572,335,276,200,997,195,109,681,156,499,593,48,299
26/01/2014,0,287,94,62,41,875,653,236,204,125,22,49,83,32,17,419,398,233,41,146,672,118,68,656,126,340,405,28,151
26/01/2014,1,203,62,31,28,496,453,168,143,90,42,20,26,8,9,196,221,97,30,125,304,50,58,630,80,248,384,20,121
26/01/2014,2,129,21,28,22,317,365,91,97,61,11,16,13,0,4,112,163,68,27,103,238,30,34,465,40,141,180,18,89
26/01/2014,3,75,13,29,15,184,221,109,84,27,5,6,8,1,2,97,116,60,8,61,147,29,28,370,23,80,152,6,59
26/01/2014,4,34,25,6,21,64,115,45,46,14,3,2,7,0,4,65,101,49,4,62,112,25,16,221,10,23,42,6,55
26/01/2014,5,25,24,8,2,62,119,50,39,30,10,8,10,2,9,56,59,27,13,46,69,19,38,119,65,31,23,2,43
26/01/2014,6,22,18,37,8,56,110,32,37,23,15,20,21,25,14,67,49,55,30,30,114,61,40,125,60,25,26,9,91
26/01/2014,7,51,48,102,26,161,163,75,61,56,32,34,126,75,59,138,138,106,80,140,235,163,43,95,98,30,26,29,280
26/01/2014,8,296,90,103,53,393,488,139,147,178,58,32,345,284,134,719,195,147,124,323,429,314,108,122,188,67,59,69,1064
26/01/2014,9,699,233,249,75,960,2052,692,552,496,77,45,527,449,119,1403,563,282,206,579,928,422,109,244,325,209,118,136,1745
26/01/2014,10,1274,298,183,84,1637,4364,1363,1147,965,112,86,2742,2219,212,2182,1026,416,328,938,1595,495,209,488,546,451,416,181,2415
26/01/2014,11,1388,380,198,81,1740,4092,1837,1738,1194,101,92,1062,918,274,4103,1325,464,411,1073,2022,567,187,789,824,722,464,301,2682
26/01/2014,12,1707,444,269,83,2412,3678,2197,2936,1304,145,119,645,748,232,3966,1621,588,775,1367,2607,762,192,1032,952,965,810,344,3393
26/01/2014,13,1536,409,201,66,2459,3564,2761,2762,1329,153,93,932,957,301,3696,1532,573,701,1335,2615,568,199,816,1212,1035,534,305,3320
26/01/2014,14,1546,424,164,61,2193,3597,2791,2889,1470,185,119,1352,1707,284,3929,1697,737,873,1236,2660,658,222,928,1476,961,0,280,3234
26/01/2014,15,1379,406,184,79,2366,3609,2498,2957,1287,180,157,1522,2002,336,3441,1762,675,849,801,2639,661,178,894,1379,921,0,220,3394
26/01/2014,16,1237,348,146,109,2432,2997,2299,2502,960,186,173,1852,2553,342,3305,1613,735,829,641,2251,1060,169,958,1248,775,0,119,3488
26/01/2014,17,1320,352,172,106,2363,2829,1867,1576,587,216,187,2112,3355,273,2940,1311,553,805,345,2250,769,167,996,921,911,0,106,2330
26/01/2014,18,997,245,99,76,1908,2269,1489,763,328,224,255,2479,4033,270,1846,1274,495,891,288,2145,681,141,874,961,882,0,99,900
26/01/2014,19,877,185,81,93,1606,1592,801,464,321,250,365,2744,5091,357,1631,956,472,529,210,1719,845,194,707,715,670,0,76,703
26/01/2014,20,744,182,72,52,1503,1266,408,385,206,296,218,2700,5265,299,1428,761,387,338,199,1513,525,140,685,861,671,528,53,556
26/01/2014,21,539,169,51,58,1362,1098,316,289,136,554,617,2566,3929,406,1715,668,368,273,220,1122,555,199,666,1033,595,477,43,529
26/01/2014,22,637,208,51,107,1825,1945,485,305,318,469,466,1709,1741,287,1861,904,522,1974,344,1860,815,241,768,810,524,570,83,705
26/01/2014,23,474,193,82,66,1209,1207,290,281,318,193,192,598,532,72,1213,749,410,302,247,1441,247,103,816,376,457,637,67,453
27/01/2014,0,286,71,34,45,698,713,185,141,124,59,124,214,105,35,491,368,171,82,138,594,112,96,678,254,264,498,51,186
27/01/2014,1,149,35,22,38,351,405,111,114,77,14,58,56,33,11,401,187,74,42,114,376,19,23,497,99,126,454,36,228
27/01/2014,2,94,32,7,15,245,240,53,46,24,10,13,12,12,9,147,91,36,51,81,168,12,28,293,34,117,318,30,52
27/01/2014,3,57,20,16,14,161,137,40,40,40,8,13,14,3,3,85,68,31,15,54,97,18,46,286,43,57,222,21,48
27/01/2014,4,61,10,4,14,96,117,52,41,20,5,5,3,2,1,78,49,65,20,40,77,18,17,289,34,42,156,1,47
27/01/2014,5,12,14,10,7,39,73,24,29,13,13,8,10,14,9,56,45,62,12,9,104,31,31,111,37,20,29,3,64
27/01/2014,6,18,18,10,13,89,92,38,46,26,16,7,35,38,14,55,61,73,45,45,118,80,35,76,62,10,21,8,66
27/01/2014,7,65,56,18,10,263,112,55,41,72,36,21,86,61,85,99,107,91,97,54,208,109,29,63,77,44,27,14,91
27/01/2014,8,107,94,55,19,216,269,108,118,132,59,34,152,73,130,214,224,97,117,134,497,154,48,79,144,50,21,25,151
27/01/2014,9,240,157,71,37,416,579,373,464,360,67,31,193,97,120,410,416,179,136,198,778,273,112,152,290,98,106,56,244
27/01/2014,10,413,146,86,46,721,1304,832,1000,511,80,57,229,110,168,716,526,241,193,241,1177,375,116,290,408,219,263,81,539
27/01/2014,11,764,175,102,44,967,1748,1454,1600,772,109,58,344,173,136,1148,729,262,314,432,1335,373,154,455,518,491,21,73,984
27/01/2014,12,1018,245,107,69,1249,2062,1953,1705,827,109,51,245,141,141,1449,790,265,409,414,1621,409,95,527,570,718,0,50,1120
27/01/2014,13,1057,257,114,79,1626,2083,2187,1885,885,120,58,184,102,152,1461,971,335,413,340,1759,437,78,569,603,803,0,82,1159
27/01/2014,14,993,202,109,73,1985,2419,2406,1962,998,88,32,203,104,105,1325,1034,339,166,362,1967,377,90,646,655,873,0,78,1232
27/01/2014,15,923,184,133,74,2016,2398,2164,1883,772,94,23,181,94,130,1442,857,311,131,370,1818,414,81,641,559,862,0,62,1355
27/01/2014,16,945,148,90,92,1850,2061,1937,1610,634,136,40,147,78,129,1217,900,338,239,299,1630,555,91,544,399,678,0,64,1160
27/01/2014,17,1030,221,93,77,1769,1864,1596,1033,382,82,49,128,81,118,1107,824,316,593,291,1744,567,105,567,421,627,0,75,768
27/01/2014,18,923,164,76,57,1539,1446,1115,436,284,114,49,262,71,85,832,807,281,118,211,1308,443,107,632,295,666,0,75,440
27/01/2014,20,612,168,57,76,1366,819,366,199,147,57,57,401,254,80,835,529,239,146,183,975,311,86,593,228,534,0,38,322
27/01/2014,21,530,143,47,39,1126,708,295,216,143,60,38,305,170,60,806,665,257,93,190,1019,187,71,468,201,486,0,56,303
27/01/2014,22,397,51,23,39,785,550,183,119,81,65,31,129,72,51,522,492,326,59,160,715,236,73,420,299,307,0,40,253
27/01/2014,23,198,63,15,42,455,287,78,57,53,27,17,76,34,16,287,300,175,23,105,468,116,39,237,101,120,0,31,139
28/01/2014,0,95,13,6,22,212,131,43,34,23,8,3,16,14,5,130,111,55,8,52,187,62,11,183,12,83,0,16,58
28/01/2014,1,45,4,4,15,108,109,38,17,11,5,2,12,4,3,31,48,21,9,19,50,9,14,56,6,32,0,5,29
28/01/2014,2,34,6,7,0,36,42,7,12,11,8,2,21,6,2,39,27,14,7,25,36,8,9,38,5,13,2,1,21
28/01/2014,3,21,5,0,11,37,36,8,12,6,6,2,3,1,0,40,15,13,8,31,31,0,3,40,11,4,5,5,41
28/01/2014,4,3,5,4,4,20,17,8,8,6,3,5,6,3,9,36,29,42,18,40,45,23,0,29,8,1,2,6,41
28/01/2014,5,36,65,22,115,71,81,29,33,17,62,7,19,7,25,107,90,62,26,56,133,150,41,32,39,11,4,10,146
28/01/2014,6,82,193,187,542,174,205,78,88,87,404,62,73,34,196,264,345,193,113,98,511,557,121,83,193,30,17,30,417
28/01/2014,7,321,813,658,2367,421,521,327,263,383,1499,174,217,81,406,699,1198,434,305,296,1441,1796,508,150,412,86,58,69,880
28/01/2014,8,685,1762,1489,4958,893,893,615,607,835,2687,274,226,93,511,1197,1744,766,396,409,2505,3060,902,267,537,166,145,136,1439
28/01/2014,9,509,749,682,1728,852,973,641,813,702,843,164,103,25,155,643,763,250,123,461,1534,1522,409,212,308,142,0,116,559
28/01/2014,10,732,595,410,789,957,1497,1068,1117,792,411,139,112,34,102,607,701,227,104,597,1323,1174,284,310,247,259,0,141,452
28/01/2014,11,1042,454,393,770,1192,1891,1563,1499,1131,462,139,98,37,130,673,868,253,62,835,1647,1084,333,651,256,421,0,148,631
28/01/2014,12,1326,1439,500,1040,1739,2765,2364,2521,1981,1080,296,184,82,344,960,1438,305,81,992,2430,1750,438,907,380,662,0,222,670
28/01/2014,13,1330,1094,550,1025,1712,2843,2539,2538,2204,856,212,104,32,262,951,1235,266,69,931,2379,1566,389,830,352,768,0,149,730
28/01/2014,14,1045,513,387,760,1809,2549,1948,1840,1297,523,158,57,29,101,871,813,265,49,700,2116,1246,234,655,352,649,0,127,654
28/01/2014,15,1125,489,567,1037,1982,2531,1893,1545,1165,781,113,77,31,126,1003,929,297,85,539,1930,1525,221,699,255,609,0,77,856
28/01/2014,16,1106,643,683,2473,1696,2340,1580,1683,999,1778,221,90,41,254,1062,1080,494,120,402,2326,2635,350,670,348,646,0,87,923
28/01/2014,17,1324,935,1273,3292,1721,2343,1811,1571,1024,2189,249,133,43,527,1783,1896,920,308,440,3229,2101,452,745,584,541,0,147,1373
28/01/2014,18,1179,550,550,1130,1691,1671,1445,749,507,877,185,139,51,323,1143,1091,505,239,357,2204,1094,232,716,391,568,0,132,809
28/01/2014,19,911,273,210,412,1210,1125,749,363,254,198,105,242,71,129,706,796,311,106,314,1346,456,121,629,196,509,0,75,691
28/01/2014,20,961,267,130,217,1362,850,474,323,231,110,105,304,163,112,752,560,226,119,241,1199,295,124,567,234,503,0,85,391
28/01/2014,21,592,130,69,120,1127,810,371,261,172,80,53,231,102,66,777,572,216,110,224,1081,279,91,525,171,477,341,58,299
28/01/2014,22,389,109,36,73,746,523,219,162,104,54,49,84,56,42,662,353,210,23,143,850,185,56,420,155,327,242,33,355
28/01/2014,23,223,82,30,46,421,353,110,80,83,36,24,40,26,17,280,294,182,19,108,495,111,34,281,73,170,142,30,152
29/01/2014,0,108,43,7,15,283,172,62,49,33,15,5,23,23,13,85,140,51,4,68,185,21,25,173,39,106,74,3,64
29/01/2014,1,41,19,9,8,131,76,18,28,15,1,1,15,6,5,35,55,18,4,46,75,5,6,118,7,88,53,27,27
29/01/2014,2,40,11,1,7,57,40,24,14,3,1,4,4,0,2,29,15,9,15,29,28,11,8,67,4,41,21,25,17
29/01/2014,3,16,10,1,3,15,42,8,33,8,0,0,3,0,1,23,18,10,9,16,25,3,5,45,9,12,9,3,25
29/01/2014,4,15,6,2,4,23,34,8,9,7,4,2,2,3,5,30,26,47,20,26,29,6,2,23,5,7,7,29,29
29/01/2014,5,22,71,28,111,71,74,19,26,23,59,17,21,19,42,135,102,68,27,27,124,71,51,20,84,5,13,16,122
29/01/2014,6,77,257,159,787,193,181,69,87,100,366,80,81,40,166,326,434,259,138,64,533,362,178,103,245,36,14,10,290
29/01/2014,7,283,687,710,2135,349,514,295,270,381,1152,146,172,100,404,833,1140,527,355,187,1389,1240,497,164,554,74,48,87,665
29/01/2014,8,820,1669,1641,4775,750,943,677,601,703,2434,235,302,142,571,1303,2152,885,389,387,2452,2475,864,267,642,208,133,123,1218
29/01/2014,9,569,905,815,1850,656,1145,777,678,781,898,157,181,81,203,709,986,336,136,343,1290,1190,449,265,301,245,111,97,666
29/01/2014,10,743,578,447,882,983,1611,988,1093,1234,380,137,162,63,165,853,639,240,144,486,1368,928,369,349,286,326,233,131,745
29/01/2014,11,1026,522,383,675,1290,2462,1600,1950,1597,449,149,193,107,222,1104,932,334,207,684,1865,917,433,550,415,513,419,139,935
29/01/2014,12,1709,1454,628,1057,2314,3410,3229,3567,2620,1069,261,367,246,617,1523,1865,556,313,1232,2824,1548,609,1126,694,965,550,145,1072
29/01/2014,13,1770,1297,703,1083,2200,3453,3344,3334,2333,839,215,342,205,437,1567,1825,503,257,883,2939,1439,531,1225,605,931,619,127,1211
29/01/2014,14,1611,710,464,948,1981,3252,2697,2633,1785,485,145,246,137,209,1464,1167,443,189,675,2331,1034,349,685,555,774,270,130,1142
29/01/2014,15,1487,696,477,1100,2059,3471,2251,2578,1620,883,120,242,136,234,1499,1180,542,206,650,2399,1180,366,678,641,845,421,182,1217
29/01/2014,16,1690,644,787,2086,2060,3006,2245,2374,1386,1763,209,220,147,398,1732,1539,688,352,782,3092,2045,463,790,676,691,314,146,1487
29/01/2014,17,1860,1057,1491,3502,2162,2744,2536,2339,1353,2360,239,328,191,684,2272,2340,1214,505,1226,3656,3087,637,987,1051,750,464,281,1735
29/01/2014,18,1457,646,661,1476,2006,2223,1844,1124,623,987,189,251,165,426,1430,1383,686,380,1064,2599,1561,310,925,621,770,539,365,1114
29/01/2014,19,988,343,254,490,1495,1489,843,510,391,329,98,231,144,199,949,847,438,208,1091,1753,814,159,738,357,726,659,401,1015
29/01/2014,20,934,234,124,252,1409,1257,498,336,297,126,75,211,103,134,706,678,295,118,1159,1441,451,127,642,217,599,509,473,430
29/01/2014,22,425,155,73,100,1036,673,261,193,157,75,23,65,34,27,655,458,213,38,535,1105,263,74,507,155,415,319,275,364
29/01/2014,23,294,57,25,61,517,360,122,102,79,37,11,36,37,16,291,300,162,13,149,524,123,54,261,51,170,137,66,145
30/01/2014,0,141,36,12,37,334,234,58,39,25,13,2,15,11,10,130,137,45,8,84,231,36,21,191,41,92,87,50,74
30/01/2014,1,41,18,6,8,150,71,33,47,9,4,0,18,13,5,36,61,17,1,35,78,16,2,121,9,36,43,13,22
30/01/2014,2,25,9,7,6,60,29,22,21,7,2,2,9,9,0,30,33,9,4,38,54,13,7,40,15,20,15,4,18
30/01/2014,3,13,10,2,2,41,49,11,36,4,0,0,0,2,2,46,20,7,5,31,32,9,2,61,8,10,23,13,35
30/01/2014,4,13,16,1,4,19,31,6,28,6,1,4,0,0,3,25,21,34,12,26,30,9,0,35,8,2,5,15,36
30/01/2014,5,27,63,26,104,74,73,25,16,26,55,24,23,14,34,98,108,73,18,61,110,168,51,41,42,10,14,12,104
30/01/2014,6,71,224,146,713,211,205,84,71,100,398,119,76,46,167,335,505,275,142,178,556,679,120,95,209,35,22,73,333
30/01/2014,7,297,803,713,2347,392,533,318,257,427,1205,185,181,115,396,815,1155,484,351,220,1300,2010,431,127,520,66,53,57,671
30/01/2014,8,786,1640,1616,4931,838,1094,714,576,800,2698,249,298,150,558,1372,2178,928,394,472,2537,3238,944,256,591,180,124,137,1225
30/01/2014,9,556,917,723,1905,816,1123,855,654,777,1117,177,168,100,201,782,1005,304,177,539,1345,1520,500,318,405,180,172,110,890
30/01/2014,10,645,560,456,913,926,1452,984,1085,990,500,148,147,122,155,965,865,285,142,805,1324,1186,400,306,287,279,318,161,1050
30/01/2014,11,839,572,434,783,1202,2079,1606,1740,1413,519,118,204,101,196,1093,912,286,134,1036,1741,610,378,506,378,458,190,204,840
30/01/2014,12,1646,1560,636,1257,1925,3173,2866,3410,2595,1127,345,258,176,547,1323,1727,469,215,1415,2702,1044,556,1102,535,830,0,292,1083
30/01/2014,13,1783,1406,767,1337,2150,3012,3199,2995,2253,1012,252,238,192,411,1334,1643,439,182,1277,2624,1141,577,1121,516,1008,0,268,1097
30/01/2014,14,1421,733,492,874,1813,2768,2453,2313,1666,530,188,203,153,189,1298,1197,443,128,972,2085,692,330,754,447,870,0,195,898
30/01/2014,15,1339,567,549,1207,1908,3137,2199,2318,1495,898,141,154,127,175,1407,1257,427,136,656,2285,896,321,690,508,740,0,137,1081
30/01/2014,16,1469,686,892,2448,1916,3142,2195,2071,1378,1827,192,185,178,254,1813,1453,600,236,451,2873,1540,429,737,650,704,0,143,1355
30/01/2014,17,1930,1048,1433,3368,2368,2978,2745,2004,1380,2357,272,257,234,644,2303,2232,1216,465,538,3232,2320,620,1034,1080,964,0,188,1771
30/01/2014,18,1464,669,659,1237,1888,2258,2023,1289,684,952,195,250,210,376,1460,1151,722,421,363,2341,1148,291,1061,678,1159,0,170,1175
30/01/2014,19,1069,354,259,452,1712,1800,1158,725,429,294,92,300,214,176,1075,807,432,155,289,1629,601,158,917,390,993,0,80,896
30/01/2014,20,975,227,122,216,1695,1803,749,537,334,120,96,338,264,142,1014,822,352,142,266,1536,340,110,786,351,1005,615,84,432
30/01/2014,21,777,221,76,126,1583,1612,431,370,247,103,84,293,227,81,1000,761,339,87,253,1289,275,126,765,367,865,628,97,501
30/01/2014,22,660,212,88,117,1247,1023,270,235,213,79,50,161,93,41,975,570,305,45,135,976,174,85,792,176,742,771,66,451
30/01/2014,23,358,87,36,52,870,1105,184,102,116,34,19,69,54,29,521,455,227,27,123,607,155,55,541,160,383,634,34,216
31/01/2014,0,177,47,18,30,453,349,91,142,55,26,9,24,31,18,319,250,180,20,105,296,69,26,318,96,191,209,29,116
31/01/2014,1,93,5,9,10,210,170,45,52,27,15,6,14,18,2,101,98,42,4,77,170,33,20,182,12,123,112,24,44
31/01/2014,2,101,24,5,14,131,100,43,21,28,6,1,2,2,1,65,68,19,12,51,75,12,22,191,10,63,70,42,33
31/01/2014,3,57,14,0,20,73,97,16,13,11,0,2,7,7,1,60,37,35,9,39,38,13,6,237,5,43,65,17,43
31/01/2014,4,30,9,1,10,22,44,23,28,8,4,6,1,4,5,50,51,48,3,20,25,18,6,107,10,10,10,6,30
31/01/2014,5,26,54,24,117,64,92,19,52,29,64,26,23,17,32,92,110,69,33,54,122,86,48,59,52,20,12,9,100
31/01/2014,6,91,229,158,745,218,181,66,100,102,399,80,63,59,161,357,383,238,102,155,586,464,127,94,237,33,43,29,328
31/01/2014,7,296,815,747,2490,421,498,323,188,395,1226,193,217,152,341,890,1048,553,309,282,1316,1398,437,147,450,73,49,77,825
31/01/2014,8,740,1629,1699,4537,778,1076,729,521,821,2652,232,296,175,523,1231,2130,918,322,536,2421,2554,908,237,614,190,141,150,1309
31/01/2014,9,584,859,715,1749,701,1105,709,707,815,1018,139,218,188,214,667,802,372,169,634,1400,1297,529,264,352,169,184,145,568
31/01/2014,10,664,531,390,844,915,1606,1034,1132,1196,435,150,270,357,148,820,880,378,134,725,1465,996,327,394,350,345,232,211,562
31/01/2014,11,926,619,330,741,1231,2177,1712,1742,1499,604,172,291,459,180,1116,1034,522,164,959,1983,1037,390,638,480,563,414,229,869
31/01/2014,12,1553,1510,624,1211,2107,3506,3222,2992,2601,1157,362,501,537,632,1251,1899,618,205,1390,2632,1716,634,1344,586,981,38,251,1137
31/01/2014,13,1845,1172,700,1206,2163,3450,3471,3500,2298,1023,267,567,617,538,1445,1807,461,204,1362,2403,1529,618,1247,607,1138,0,191,1083
31/01/2014,14,1304,655,449,895,1901,3238,2403,2534,1873,676,151,425,414,250,1452,1362,539,249,926,2396,1184,363,821,687,782,0,191,1132
31/01/2014,15,1535,634,470,1280,2110,3299,2437,2581,1668,871,159,333,466,302,1578,1337,680,234,827,2366,1447,348,766,724,870,0,205,1168
31/01/2014,16,1600,762,813,2296,2157,3012,2560,2608,1628,1476,262,285,348,301,2060,1736,879,410,undefined,3085,2293,464,933,886,926,0,162,1477
31/01/2014,17,2156,1076,1294,2810,2596,3465,3391,2696,1548,2019,256,488,557,645,2746,1289,1249,924,610,3592,2870,658,1106,1170,1128,0,152,1900
31/01/2014,18,1728,702,536,1054,2367,3120,2437,2138,1046,788,178,483,456,359,2178,1818,931,3023,359,2772,1607,327,1099,1368,1111,0,149,1290
31/01/2014,19,1310,418,241,388,1982,2456,1692,1541,677,329,162,606,455,224,1699,1318,677,1760,undefined,2005,914,181,1328,983,1237,982,102,1359
31/01/2014,20,1231,403,150,237,2262,2231,1370,1147,466,156,115,392,409,172,1509,1102,515,319,274,1885,578,155,1335,785,1253,1188,110,595
31/01/2014,21,1032,272,101,157,2270,1805,1056,526,280,150,104,434,337,118,1512,1263,663,463,319,1804,547,177,1268,733,1030,886,86,762
31/01/2014,22,1022,281,176,121,1972,1660,929,431,278,87,73,263,233,88,1494,1079,778,3143,298,1593,481,166,1045,1600,1002,1026,87,1000
31/01/2014,23,657,309,170,128,1758,1744,598,381,270,116,75,215,91,54,1212,944,521,850,256,1448,397,172,955,391,625,812,52,523
