Date,Hour,State Library,Collins Place (South),Collins Place (North),Flagstaff Station,Melbourne Central,Town Hall (West),Bourke Street Mall (North),Bourke Street Mall (South),Australia on Collins,Southern Cross Station,Victoria Point,New Quay,Waterfront City,Webb Bridge,Princes Bridge,Flinders St Station Underpass,Sandridge Bridge,Birrarung Marr,QV Market-Elizabeth St,Flinders St-Elizabeth St (East),Spencer St-Collins St (North),Spencer St-Collins St (South),Bourke St-Russel St (West),Melbourne Convention Exhibition Centre,Chinatown-Swanston St (North),Chinatown-Russel St (South),QV Market-Peel St,The Arts Centre
1-Oct-13,0,79,11,7,27,166,143,43,33,20,14,8,,0,3,84,128,57,15,88,121,43,14,128,28,69,55,7,58
1-Oct-13,1,46,14,1,8,52,74,29,14,15,2,3,,0,5,29,39,12,3,56,53,7,9,84,12,51,40,12,15
1-Oct-13,2,36,6,3,3,28,31,8,8,6,2,3,,0,2,19,22,12,0,21,23,5,8,55,6,49,22,8,8
1-Oct-13,3,10,11,4,7,32,25,15,11,3,0,3,,1,0,25,16,7,0,22,28,4,4,49,0,15,7,5,23
1-Oct-13,4,11,10,3,1,27,28,16,6,4,9,5,,1,1,33,32,33,18,27,27,18,7,70,8,7,4,4,28
1-Oct-13,5,13,67,22,79,71,70,27,20,13,39,18,,1,13,76,125,42,14,38,117,124,39,39,31,24,3,6,86
1-Oct-13,6,77,247,196,637,168,194,80,69,76,362,61,,17,92,280,448,190,86,123,472,568,120,86,144,44,29,40,257
1-Oct-13,7,241,737,765,2334,319,472,245,246,340,1446,199,,41,205,668,1016,405,124,231,1238,1880,485,123,226,65,44,69,621
1-Oct-13,8,761,1529,1656,4980,773,958,746,636,878,2885,315,,102,381,1306,2209,862,219,502,2453,3217,928,273,398,222,188,161,1286
1-Oct-13,9,648,849,805,1992,1020,1459,851,892,957,1254,202,,38,186,1229,1184,369,140,549,1683,1839,644,293,274,167,212,133,1001
1-Oct-13,10,772,523,521,835,1072,1663,1311,1195,1136,469,138,,58,126,923,890,304,122,871,1507,1129,476,413,326,310,266,170,758
1-Oct-13,11,1047,529,462,703,1633,2300,1667,1987,1465,412,153,,60,170,1079,1079,388,117,1149,1927,1096,430,608,537,505,461,247,799
1-Oct-13,12,1860,1265,710,1023,2793,3312,2954,3293,2433,1157,336,,135,564,1435,1789,525,232,1872,2731,1908,494,1150,693,821,770,339,1029
1-Oct-13,13,1835,1286,723,1031,2520,3629,3421,3947,2351,879,289,,69,332,1452,1783,420,200,1636,2830,1736,525,1229,557,851,683,321,1045
1-Oct-13,14,1977,629,487,747,2419,3390,2876,2999,1885,536,200,,100,176,1284,1378,412,191,1055,2649,1323,487,802,664,749,486,189,908
1-Oct-13,15,2071,597,602,352,1342,3316,2641,2856,1779,621,131,,84,179,1463,1373,642,289,659,2746,1582,434,958,671,709,489,181,1061
1-Oct-13,16,2090,77,866,90,69,3418,2687,172,362,1553,242,,11,264,1646,1582,775,253,500,3060,2549,575,955,602,748,487,181,1234
1-Oct-13,17,2397,62,1490,147,216,3474,2708,79,82,2620,315,,9,483,2242,2406,1339,379,484,3753,3620,713,1191,860,850,595,205,1933
1-Oct-13,18,1822,42,738,86,60,2445,1893,40,39,1084,211,,7,346,1753,1416,775,380,400,2819,1918,461,1135,521,935,744,182,1800
1-Oct-13,19,1340,23,281,23,124,1610,891,39,19,322,119,,6,144,1019,864,409,333,326,1807,964,231,962,227,892,792,148,670
1-Oct-13,20,1023,20,148,6,52,1199,494,20,16,206,100,,12,50,831,578,247,144,259,1369,503,136,771,159,705,641,81,484
1-Oct-13,21,779,5,96,5,103,1310,328,12,16,99,81,,45,33,892,564,265,56,275,1114,447,177,677,103,572,476,63,776
1-Oct-13,22,483,6,45,8,38,1197,231,61,47,41,26,,12,24,528,426,180,276,122,826,270,76,461,57,382,310,62,447
1-Oct-13,23,281,47,38,16,86,836,105,114,69,26,10,,11,13,287,303,182,235,104,545,135,49,334,58,220,196,37,166
2-Oct-13,0,82,30,13,22,162,666,76,45,43,4,2,,0,4,77,122,54,6,53,162,42,21,141,19,100,114,17,71
2-Oct-13,1,26,10,5,0,85,638,22,23,12,2,3,,1,1,46,33,24,0,37,69,5,29,77,1,47,40,6,28
2-Oct-13,2,25,15,2,1,59,289,13,17,4,1,2,,0,0,13,25,15,19,25,32,2,3,81,8,44,35,4,8
2-Oct-13,3,26,7,2,1,37,148,10,6,5,2,1,,0,0,23,20,14,17,25,25,11,2,12,3,32,18,14,35
2-Oct-13,4,15,16,2,4,26,34,5,9,10,0,2,,0,0,28,14,19,9,18,26,20,13,31,11,3,6,5,36
2-Oct-13,5,17,63,27,89,69,65,19,36,21,47,13,,4,18,79,101,57,13,35,114,159,23,35,44,12,8,7,92
2-Oct-13,6,84,241,175,597,167,193,95,79,78,385,91,,27,121,322,419,223,115,67,479,654,142,132,218,34,26,20,310
2-Oct-13,7,316,703,742,2233,371,494,295,252,365,1460,224,,86,287,712,1078,480,256,154,1314,1803,438,179,357,69,66,60,808
2-Oct-13,8,773,1598,1653,5036,815,1117,781,654,848,2948,289,,160,473,1423,2329,994,290,372,2672,3370,960,312,498,266,167,144,1410
2-Oct-13,9,705,834,759,1964,878,1335,904,944,1023,1233,199,,62,160,1040,1231,427,121,390,1684,1762,542,298,299,188,164,110,828
2-Oct-13,10,836,520,464,805,1231,1674,1381,1406,1239,508,165,,39,96,979,897,332,158,503,1671,1250,426,444,365,301,239,142,780
2-Oct-13,11,1089,491,443,723,1752,2372,2011,2199,1642,487,153,,60,151,1119,1091,384,144,562,1823,1178,392,475,416,531,433,104,939
2-Oct-13,12,1699,1281,643,917,2849,3550,3219,3133,2524,1075,351,,124,500,1500,1821,563,247,997,2639,1787,602,1057,640,859,763,154,1234
2-Oct-13,13,1952,1152,619,1054,2749,3788,3450,3673,2764,974,291,,96,380,1630,1715,509,306,889,2893,1813,536,1207,628,944,721,149,1244
2-Oct-13,14,1753,592,526,730,2703,3314,2944,3107,1918,502,161,,68,153,1463,1371,596,159,559,2551,1304,359,859,537,716,580,159,978
2-Oct-13,15,1629,564,526,1164,2305,3272,2655,2903,1735,658,152,,33,158,1273,1287,580,155,508,2545,1670,407,882,468,612,453,107,926
2-Oct-13,16,1893,605,856,2207,2425,3211,2534,2688,1556,1588,263,,71,228,1628,1470,809,283,505,2999,2606,514,886,671,632,477,128,1406
2-Oct-13,17,2153,1185,1478,3609,2496,3204,2725,2647,1352,2488,317,,149,492,2356,2322,1293,501,535,3705,3708,685,1176,892,903,686,171,2061
2-Oct-13,18,1736,781,691,1589,2474,2382,2162,1280,766,1125,196,,120,332,1685,1537,756,695,437,2773,2019,477,1078,623,867,768,135,1372
2-Oct-13,19,1274,427,243,560,2055,1587,897,600,420,328,123,,25,113,1267,881,332,243,327,1871,997,222,1045,222,880,1004,133,1486
2-Oct-13,20,907,226,107,246,1664,1168,495,414,301,147,60,,17,62,687,602,223,45,283,1323,574,157,827,173,656,1183,58,402
2-Oct-13,21,657,168,75,174,1230,874,300,269,175,77,71,,10,33,606,499,264,93,200,1075,405,115,579,95,536,502,62,434
2-Oct-13,22,432,160,72,99,866,582,230,208,142,57,43,,20,26,866,389,167,69,177,865,262,60,546,60,363,338,46,1342
2-Oct-13,23,226,72,42,87,495,371,125,124,101,17,6,,8,11,369,243,164,411,93,517,160,46,353,43,196,266,22,258
3-Oct-13,0,80,20,15,29,150,162,46,80,41,8,15,,12,3,114,128,49,20,90,183,42,35,165,15,75,88,22,92
3-Oct-13,1,29,16,3,9,64,58,28,22,8,1,6,,23,0,66,47,19,5,46,71,7,9,83,5,37,23,13,72
3-Oct-13,2,16,13,0,11,56,34,23,5,5,1,2,,0,1,35,26,20,2,35,42,7,5,66,10,6,15,5,38
3-Oct-13,3,11,8,2,7,20,27,12,4,3,3,0,,0,1,31,15,14,0,24,19,9,2,47,5,18,5,4,34
3-Oct-13,4,20,7,1,5,23,31,8,6,5,0,2,,0,0,44,14,29,9,19,14,20,1,60,7,6,7,7,35
3-Oct-13,5,19,60,21,77,55,77,22,23,24,35,19,,4,17,69,80,56,13,54,105,137,28,35,40,12,12,12,84
3-Oct-13,6,78,236,156,592,178,178,82,74,133,377,74,,30,124,280,413,204,117,125,484,645,109,99,169,33,29,47,282
3-Oct-13,7,281,744,757,2205,328,521,298,323,372,1400,200,,78,279,713,1039,529,187,259,1350,1857,489,179,339,74,48,134,638
3-Oct-13,8,742,1514,1624,4572,790,1027,746,679,867,2732,303,,135,447,1294,2191,911,240,564,2317,3123,898,326,567,196,160,188,1277
3-Oct-13,9,677,914,797,2030,926,1271,961,892,973,1393,257,,61,194,936,1178,451,146,585,1643,2048,692,314,286,173,140,135,796
3-Oct-13,10,859,560,416,903,1171,1579,1309,1563,1311,467,170,,68,173,917,937,350,199,913,1691,1284,521,425,395,322,257,224,778
3-Oct-13,11,1066,577,416,702,1772,2295,2021,2187,1643,472,172,,97,203,1264,1100,441,368,1055,2036,1174,492,572,503,571,370,274,861
3-Oct-13,12,1730,1340,639,952,2501,3286,3130,3297,2529,1131,353,,157,611,1590,1704,556,865,1678,2682,1679,689,1157,703,822,845,323,1184
3-Oct-13,13,2262,1340,719,1115,2557,3639,3576,4086,2665,1009,314,,258,499,1752,1965,590,654,1747,3114,1721,706,1358,839,1009,881,324,1421
3-Oct-13,14,1987,802,537,843,2409,3421,2983,3279,2005,551,187,,159,213,1537,1586,522,294,1279,2678,1318,508,1036,739,895,590,222,1163
3-Oct-13,15,1838,536,566,1117,2326,3639,2926,3319,1922,779,161,,142,194,1563,1444,622,362,758,3007,1594,417,995,843,749,501,196,1228
3-Oct-13,16,1903,665,808,2129,2510,3502,2834,2981,1621,1566,252,,117,278,1854,1638,779,436,598,3194,2644,608,1078,858,746,474,167,1392
3-Oct-13,17,2354,1181,1493,3573,2626,3605,3132,2896,1487,2539,332,,145,588,2619,2443,1432,1638,480,3906,3617,810,1138,1006,961,624,172,1986
3-Oct-13,18,2001,798,679,1480,2483,2829,2479,1970,992,1038,211,,142,321,1801,1612,854,867,479,2910,1989,547,1133,622,918,851,172,1422
3-Oct-13,19,1515,491,282,584,2373,2098,1591,1098,516,331,119,,50,130,1320,969,385,316,382,2079,943,224,1088,273,962,911,148,923
3-Oct-13,20,1199,266,118,241,1983,1562,966,660,333,128,78,,53,57,799,779,274,107,311,1542,581,170,901,205,799,678,90,443
3-Oct-13,21,819,247,79,158,1664,1287,476,346,245,83,69,,22,51,794,605,250,123,266,1279,424,144,687,170,600,591,77,507
3-Oct-13,22,505,176,87,79,1247,802,293,219,203,61,80,,39,36,651,479,188,137,192,966,306,96,656,118,477,448,65,400
3-Oct-13,23,274,116,59,80,736,568,160,123,102,50,18,,13,9,422,276,185,575,105,690,183,55,454,75,9,576,63,149
4-Oct-13,0,131,40,18,41,343,242,63,80,46,12,11,,4,1,142,160,92,10,114,284,48,35,344,27,0,174,31,84
4-Oct-13,1,57,19,6,22,154,121,59,57,22,3,5,,4,3,66,69,18,17,70,117,16,21,247,13,0,96,16,33
4-Oct-13,2,60,22,13,3,105,84,25,14,7,1,0,,3,2,25,63,25,3,68,44,6,16,208,2,0,102,12,21
4-Oct-13,3,27,5,3,13,80,53,24,10,9,1,1,,5,0,41,26,23,17,25,49,5,11,293,1,0,39,18,23
4-Oct-13,4,22,27,4,2,42,63,17,18,16,1,3,,0,1,38,42,27,7,46,26,16,3,196,8,0,32,7,41
4-Oct-13,5,19,60,20,67,61,77,40,28,15,43,19,,10,31,79,101,55,14,70,119,150,41,72,59,0,7,12,89
4-Oct-13,6,66,234,166,524,200,186,69,103,101,366,74,,31,111,288,419,205,118,155,529,627,116,114,173,5,27,44,316
4-Oct-13,7,259,717,693,1960,385,499,349,275,396,1335,231,,113,297,754,1036,487,217,336,1266,1709,417,193,349,53,65,118,855
4-Oct-13,8,722,1553,1618,4522,867,1102,735,667,973,2650,304,,181,502,1383,2230,984,351,564,2459,3117,979,362,643,207,162,165,1598
4-Oct-13,9,638,875,684,1832,972,1264,1046,1059,1045,1105,241,,101,232,900,1173,413,175,663,1673,1611,776,335,438,195,162,167,884
4-Oct-13,10,849,571,458,820,1356,1656,1610,1695,1521,446,172,,110,202,1085,1053,426,199,925,1800,1226,511,524,591,325,280,275,941
4-Oct-13,11,1248,782,517,799,2005,2572,2427,2667,1862,509,208,,170,275,1446,1310,463,389,1332,2143,1243,432,638,734,595,464,320,1080
4-Oct-13,12,2013,1566,748,1177,3084,3951,4017,4213,3058,1282,420,,275,827,1944,2261,720,626,1902,3122,1848,796,1287,1163,1035,882,373,1505
4-Oct-13,13,2301,1395,782,1285,3212,4483,4555,4582,3097,1084,337,,333,658,2237,2308,647,572,1900,3322,1825,726,1350,1061,1178,837,372,1648
4-Oct-13,14,2109,801,595,854,3000,3914,3824,3980,2364,621,183,,244,323,1890,1844,650,486,1298,2957,1434,493,1122,1009,985,608,316,1413
4-Oct-13,15,2315,681,612,1167,2943,3888,3641,3795,2187,716,135,,183,285,1915,1682,737,422,1122,3108,1676,501,1067,986,917,550,291,1351
4-Oct-13,16,2340,793,818,1882,3109,3880,3371,3568,1997,1631,244,,217,415,2633,1992,869,448,804,3414,2599,631,1095,1097,910,576,269,1643
4-Oct-13,17,2707,1188,1208,2836,3281,3949,3850,3564,1816,2083,293,,301,617,2876,2607,1357,663,667,3802,3250,784,1369,1332,1115,819,263,2055
4-Oct-13,18,2321,779,727,1155,3323,3535,3058,2698,1327,808,229,,211,392,2261,1867,816,798,544,2932,1795,462,1404,1005,1210,1041,223,1711
4-Oct-13,19,1767,502,278,423,3115,2666,2295,1685,860,346,176,,153,142,2022,1382,598,306,435,2231,1182,270,1365,676,1294,1301,190,1827
4-Oct-13,20,1571,358,169,284,2866,2291,1696,1342,539,176,125,,80,79,1259,974,360,86,355,1664,675,197,1290,552,1266,1308,111,558
4-Oct-13,21,1399,288,144,198,2681,2031,957,621,353,153,107,,78,81,1360,1061,396,52,350,1515,511,204,1056,374,1000,874,110,785
4-Oct-13,22,923,236,170,163,1960,1499,532,429,266,95,56,,98,51,1282,856,419,107,275,1355,437,145,1079,265,843,892,77,1154
4-Oct-13,23,655,179,110,119,1651,1465,414,324,204,86,72,,45,20,895,620,329,981,237,1130,394,117,1027,223,563,639,69,413
5-Oct-13,0,379,116,71,79,905,818,224,211,139,39,54,,20,12,484,370,271,19,185,728,146,62,904,113,413,490,49,355
5-Oct-13,1,193,48,29,39,495,412,132,145,69,27,22,,15,4,171,199,80,10,152,444,46,45,609,62,246,352,39,99
5-Oct-13,2,129,20,22,28,234,262,42,73,70,11,12,,0,4,157,138,58,7,98,224,40,35,451,45,105,207,27,85
5-Oct-13,3,99,40,11,18,236,167,21,69,63,22,28,,6,10,94,113,36,7,88,175,31,24,381,27,73,178,4,73
5-Oct-13,4,50,28,9,11,91,127,24,59,29,2,6,,0,2,53,59,41,12,72,96,21,4,204,17,49,60,12,43
5-Oct-13,5,33,32,19,18,83,106,46,47,17,19,27,,0,5,59,31,39,3,98,99,97,37,174,35,35,52,12,38
5-Oct-13,6,32,74,29,17,107,136,45,54,72,35,19,,14,43,62,74,70,31,213,204,242,65,168,64,20,37,41,63
5-Oct-13,7,120,87,49,27,169,236,50,94,136,54,47,,37,61,135,212,89,73,440,379,389,105,129,127,35,48,88,104
5-Oct-13,8,182,138,86,48,380,555,267,308,444,100,47,,48,92,313,411,164,121,929,756,683,168,181,305,147,76,180,217
5-Oct-13,9,383,207,125,51,693,1088,761,788,896,128,92,,51,114,576,614,258,176,1076,1216,822,202,241,517,177,191,243,337
5-Oct-13,10,807,213,152,98,1376,1838,1253,1475,1273,124,110,,131,171,855,802,329,195,1550,1428,935,245,399,574,342,295,373,507
5-Oct-13,11,1085,258,169,91,1737,2522,1783,2099,1531,129,127,,194,201,1249,1020,399,204,1779,1762,1173,227,605,820,536,438,345,801
5-Oct-13,12,1587,327,205,113,2241,3049,2365,2565,1709,162,254,,227,181,1543,1165,466,317,2066,2040,1075,238,860,1144,815,746,511,981
5-Oct-13,13,1869,377,205,95,2766,3564,2935,3193,1872,155,134,,281,205,1774,1283,560,291,2044,2234,1150,233,1011,1320,1073,810,401,1466
5-Oct-13,14,2063,449,206,138,2922,3505,3236,3539,1910,127,140,,367,241,1942,1548,601,268,1808,2371,1019,236,1026,1286,1076,611,384,1123
5-Oct-13,15,2022,403,200,131,3119,3758,3256,3419,1915,130,74,,241,254,2247,1460,605,383,1419,2475,1144,252,1227,1206,1068,686,305,1305
5-Oct-13,16,2422,433,222,106,2959,3442,3033,3033,1515,130,111,,374,222,2005,1540,661,402,853,2458,1130,277,1055,1252,954,700,248,1278
5-Oct-13,17,2247,514,160,99,2738,3257,2313,2361,1014,164,91,,299,221,2098,1509,691,414,535,2523,1154,273,1082,1248,1005,723,144,1368
5-Oct-13,18,1682,625,156,112,2814,2590,1697,1050,503,170,136,,187,164,2147,1161,518,434,484,2101,924,328,1193,1053,1035,995,150,1714
5-Oct-13,19,1389,430,173,89,2540,1927,790,433,371,84,138,,150,94,1655,1010,385,483,490,1652,668,170,1072,491,1207,1214,138,874
5-Oct-13,20,1138,359,99,89,2169,1725,461,301,292,78,82,,111,58,1181,936,417,114,364,1326,489,153,1022,362,1082,1001,97,640
5-Oct-13,21,1064,265,75,84,2163,1444,334,281,276,65,72,,100,40,1649,689,400,60,295,1148,403,152,1056,362,868,969,84,1200
5-Oct-13,22,1015,316,126,72,1661,1529,327,300,303,49,76,,76,29,1689,706,343,678,233,1180,343,198,1181,338,767,1049,79,1071
5-Oct-13,23,699,254,129,79,1520,1185,194,308,259,60,85,,90,51,981,663,327,96,248,993,459,135,1101,425,575,861,72,301
6-Oct-13,0,419,194,130,52,995,946,203,199,144,52,78,,34,19,564,509,350,16,192,721,246,122,1011,148,442,709,67,165
6-Oct-13,1,239,112,126,46,666,625,193,172,160,14,62,,5,11,326,281,132,24,207,476,102,59,1048,104,328,486,41,98
6-Oct-13,2,,,,,,,,,,,,,0,0,0,0,0,0,,0,,,0,0,0,0,0,0
6-Oct-13,3,28,15,17,5,51,374,28,27,26,4,7,,1,1,55,33,5,6,175,441,44,74,1031,10,230,346,43,129
6-Oct-13,4,134,27,39,28,284,328,71,61,68,18,19,,0,2,188,149,85,14,129,310,52,42,779,43,95,264,18,115
6-Oct-13,5,39,20,22,18,110,191,38,43,49,7,8,,1,6,90,152,56,6,113,122,31,40,351,27,45,68,11,48
6-Oct-13,6,34,20,13,13,71,145,48,65,51,7,10,,4,12,57,69,55,22,64,108,70,33,204,52,23,47,21,102
6-Oct-13,7,79,51,23,13,100,212,46,45,60,34,16,,12,30,105,110,72,45,130,258,217,43,105,102,26,39,34,121
6-Oct-13,8,145,95,51,18,239,336,61,95,178,67,37,,77,83,208,144,138,106,332,402,416,107,104,252,60,45,81,286
6-Oct-13,9,252,127,94,51,465,615,365,317,327,88,71,,214,136,326,373,181,185,549,607,517,150,206,330,106,96,138,436
6-Oct-13,10,539,194,122,84,828,1336,724,894,676,126,82,,341,179,735,557,364,291,950,970,666,173,342,635,247,205,212,939
6-Oct-13,11,857,219,137,60,1303,2201,1443,1351,967,89,72,,463,198,1360,891,420,412,1290,1463,850,259,469,831,497,404,311,1422
6-Oct-13,12,1254,351,161,106,1825,2884,1843,1916,1119,111,62,,591,221,1719,986,431,484,1767,1713,758,200,601,894,757,642,376,1795
6-Oct-13,13,1545,335,139,102,2149,2757,2239,2228,1281,118,59,,595,259,2208,1108,419,389,1844,1911,730,201,750,1082,904,817,422,2349
6-Oct-13,14,1733,382,188,97,2379,3299,2575,2516,1462,119,84,,638,228,1934,1219,598,394,1668,2026,911,219,761,1144,875,683,372,1825
6-Oct-13,15,1775,286,130,97,2557,3069,2631,2613,1457,81,93,,576,236,1873,1246,619,468,1476,2212,777,204,892,999,774,574,347,1924
6-Oct-13,16,1757,267,101,79,2449,2827,2154,2199,1354,143,72,,320,199,2233,1223,550,271,878,2211,896,215,926,941,771,470,165,2109
6-Oct-13,17,1812,349,100,99,2183,2552,1810,1606,825,111,77,,378,160,1507,1080,569,187,496,2049,889,194,962,790,727,516,100,1008
6-Oct-13,18,1184,247,83,84,2049,1801,1216,740,435,117,72,,125,111,1004,835,403,128,382,1645,663,184,809,626,746,687,117,542
6-Oct-13,19,785,241,48,46,1663,1338,520,321,240,79,83,,25,38,570,570,223,34,299,1168,481,154,687,156,628,644,66,214
6-Oct-13,20,699,166,46,51,1317,885,172,196,279,56,39,,25,31,462,457,203,17,283,848,376,101,573,76,497,462,69,170
6-Oct-13,21,505,166,40,50,1087,744,143,124,170,78,55,,29,30,429,388,177,7,245,878,317,106,541,136,387,459,65,212
6-Oct-13,22,370,110,47,45,627,440,91,103,113,37,50,,22,23,265,332,136,17,147,563,221,71,433,74,242,272,53,120
6-Oct-13,23,190,32,18,38,420,246,64,34,39,18,27,,16,2,161,223,152,14,109,386,156,50,258,47,153,174,18,55
7-Oct-13,0,71,19,4,13,178,142,37,28,41,10,13,,4,5,71,77,52,1,61,181,35,31,213,197,66,128,9,24
7-Oct-13,1,39,5,5,18,79,82,16,22,26,1,7,,6,1,46,36,30,0,50,62,15,11,192,10,45,53,6,14
7-Oct-13,2,29,12,5,12,31,26,6,11,3,1,1,,2,0,25,22,12,0,30,40,4,15,89,6,10,16,9,9
7-Oct-13,3,14,4,1,11,21,30,2,18,5,4,2,,0,3,37,26,9,2,30,37,11,8,38,3,9,12,5,43
7-Oct-13,4,17,14,1,4,16,43,6,8,14,2,3,,0,0,26,22,26,5,16,28,27,8,44,9,13,11,2,37
7-Oct-13,5,25,56,26,73,62,60,18,18,16,45,10,,3,20,84,88,64,15,55,102,154,25,33,46,7,7,9,83
7-Oct-13,6,89,198,166,533,166,188,70,74,106,327,82,,26,108,270,376,192,66,81,430,574,114,77,199,27,18,14,252
7-Oct-13,7,272,611,680,1969,308,468,181,187,378,1276,208,,95,320,720,948,430,202,188,1233,1879,398,156,416,87,51,48,702
7-Oct-13,8,725,1549,1627,4606,789,1130,556,483,863,2827,319,,185,489,1421,2210,1031,365,512,2476,3364,866,254,731,204,136,139,1430
7-Oct-13,9,662,902,767,2325,857,1290,768,741,1051,1352,221,,64,238,781,1218,425,128,447,1782,1874,610,282,393,196,158,83,805
7-Oct-13,10,719,674,499,918,1146,1620,1140,1135,1469,496,134,,72,135,731,835,311,133,495,1681,1250,429,392,373,353,274,77,607
7-Oct-13,11,1020,523,402,737,1444,2173,1556,1647,1750,423,151,,95,153,971,1022,360,168,567,1861,1126,439,527,463,394,332,95,740
7-Oct-13,12,1676,1396,634,1078,2626,3159,2552,2900,3143,1036,354,,200,652,1397,1841,542,323,936,2675,1713,576,1048,796,847,768,153,1100
7-Oct-13,13,2020,1593,683,1504,2752,3492,2973,3264,3276,958,302,,262,526,1593,1939,566,354,917,2995,1696,673,1168,806,874,712,203,1284
7-Oct-13,14,1882,916,478,877,2284,2940,2224,2551,2127,584,158,,152,227,1299,1261,436,284,669,2396,1264,462,879,704,765,530,133,1097
7-Oct-13,15,1758,559,522,1200,2404,3012,2340,2363,1885,675,145,,98,224,1405,1273,539,233,590,2669,1569,414,868,735,752,480,178,1239
7-Oct-13,16,1914,701,911,2341,2245,3031,2096,2099,1620,1606,208,,135,288,1617,1427,695,269,512,2817,2555,527,849,738,691,409,134,1418
7-Oct-13,17,2399,1194,1586,3823,2539,2934,2053,1956,1474,2621,255,,167,654,2207,2311,1309,487,691,3556,3895,789,1067,1157,783,535,175,1894
7-Oct-13,18,1744,764,721,1548,2190,2107,1512,960,752,1064,155,,146,390,1492,1240,762,598,527,2583,1887,383,916,693,755,601,142,1225
7-Oct-13,19,1259,342,236,532,1809,1425,607,393,399,300,116,,137,178,939,776,338,497,332,1812,919,212,741,304,645,521,82,882
7-Oct-13,20,1116,281,121,238,1595,1115,277,303,231,127,75,,79,85,601,661,281,72,318,1192,517,143,575,290,520,460,74,382
7-Oct-13,21,695,176,117,131,1271,866,198,206,201,97,71,,39,47,557,513,221,168,248,931,471,116,566,166,384,294,57,304
7-Oct-13,22,499,176,80,85,812,573,142,134,108,65,50,,19,20,461,381,184,370,174,728,265,91,347,134,323,235,46,366
7-Oct-13,23,217,46,12,41,342,307,64,61,60,44,11,,4,7,172,196,143,14,101,407,161,69,173,63,127,78,22,84
8-Oct-13,0,48,36,15,37,149,80,26,27,28,10,4,,1,3,50,77,35,3,95,128,60,25,103,26,80,23,17,30
8-Oct-13,1,52,7,8,10,69,57,17,6,12,2,0,,2,1,23,44,9,0,85,37,21,20,116,14,38,29,11,17
8-Oct-13,2,46,5,2,6,42,33,3,10,1,0,0,,3,3,13,15,9,2,30,22,4,1,49,11,44,7,10,11
8-Oct-13,3,13,13,5,7,9,46,6,26,10,3,3,,0,0,38,14,8,10,26,18,8,2,22,1,12,3,3,40
8-Oct-13,4,17,7,1,5,23,33,5,39,6,2,4,,0,0,28,11,16,5,37,20,32,7,17,8,0,5,3,25
8-Oct-13,5,20,73,23,78,63,66,15,33,23,46,14,,8,22,79,96,56,26,56,98,156,29,45,54,9,7,13,83
8-Oct-13,6,85,205,171,608,193,177,40,59,96,400,78,,37,113,307,399,214,88,149,480,634,135,88,196,24,16,43,294
8-Oct-13,7,283,684,742,2173,357,469,181,192,487,1333,230,,132,341,792,1045,500,253,334,1262,1954,450,154,385,74,57,89,782
8-Oct-13,8,852,1640,1701,4885,889,1127,546,518,1066,2953,336,,266,585,1563,2365,1103,451,704,2649,3544,1023,311,979,199,157,181,1795
8-Oct-13,9,660,1018,856,2371,879,1130,627,570,1056,1379,227,,81,253,878,1087,399,139,682,1644,1901,654,256,426,197,167,161,1027
8-Oct-13,10,771,707,488,1013,1143,1647,957,869,1436,478,145,,96,132,694,841,368,108,876,1603,1300,451,357,573,270,234,136,613
8-Oct-13,11,1001,553,431,887,1507,2080,1495,1442,1691,434,138,,136,181,917,788,449,150,1083,1645,1067,333,463,415,367,284,193,665
8-Oct-13,12,1774,1432,657,1250,2380,3036,2559,2653,2786,1105,346,,249,645,1220,1708,550,331,1859,2487,1767,725,965,927,756,685,251,1009
8-Oct-13,13,2013,1422,735,1521,2505,3413,2821,3093,3262,994,322,,216,619,1458,1694,553,287,1847,2699,1805,717,1011,741,849,697,283,1190
8-Oct-13,14,1652,699,526,953,2211,2845,2150,2286,2106,583,214,,172,179,1243,1327,504,173,1173,2390,1404,465,733,835,706,491,194,1038
8-Oct-13,15,1782,593,545,1194,2442,2912,2151,2191,1728,788,168,,95,208,1415,1161,521,206,804,2484,1692,457,780,616,762,366,258,1037
8-Oct-13,16,2100,743,914,2356,2503,2942,2202,2112,1519,1619,186,,134,314,1562,1359,648,256,622,2836,2681,618,744,755,773,405,196,1342
8-Oct-13,17,2492,1129,1643,3691,2792,3015,2150,1910,1657,2564,248,,203,641,2336,2394,1314,574,659,3575,3836,768,988,1229,760,416,202,2196
8-Oct-13,18,1842,786,744,1612,2521,2343,1630,1057,975,1198,203,,247,475,1696,1455,822,445,576,2759,2020,409,983,798,806,579,193,1542
8-Oct-13,19,1357,354,246,568,2003,1532,717,473,481,394,126,,209,204,1176,841,399,216,395,1755,1045,285,868,468,744,562,127,918
8-Oct-13,20,1088,312,137,328,1693,1243,401,198,311,152,100,,112,89,949,675,271,85,362,1340,582,212,694,295,663,483,113,506
8-Oct-13,21,781,186,130,131,1500,1011,229,181,318,131,76,,59,69,771,631,259,48,272,1056,461,115,605,190,489,427,100,472
8-Oct-13,22,535,128,84,125,1003,679,188,120,160,73,45,,17,37,514,362,177,32,190,840,292,131,454,159,340,295,41,269
8-Oct-13,23,276,61,36,45,579,339,67,68,74,40,16,,35,26,224,198,116,37,129,479,156,67,237,91,194,188,27,96
9-Oct-13,0,95,25,13,28,206,121,37,26,37,16,12,,11,19,109,128,63,10,78,211,36,27,149,27,112,88,26,60
9-Oct-13,1,27,11,4,11,83,74,10,19,10,2,4,,0,0,29,47,20,13,53,46,7,7,76,7,52,29,6,24
9-Oct-13,2,27,8,2,6,41,47,8,6,9,6,4,,1,1,22,21,16,14,35,36,14,6,73,4,39,26,7,15
9-Oct-13,3,11,6,4,2,26,44,3,11,7,0,6,,0,1,33,11,6,7,21,20,7,7,51,10,7,2,7,35
9-Oct-13,4,18,18,1,2,19,39,5,11,17,2,2,,0,0,42,18,30,12,24,33,19,11,25,5,4,12,3,55
9-Oct-13,5,16,76,25,67,56,56,23,14,19,53,10,,5,26,87,89,60,21,41,127,148,21,42,56,7,3,9,94
9-Oct-13,6,81,262,172,575,196,187,43,72,111,381,87,,50,118,318,446,213,112,101,568,672,131,98,233,37,22,21,283
9-Oct-13,7,251,721,751,2113,386,541,222,203,492,1401,185,,97,361,921,1054,520,263,212,1252,1989,483,175,511,81,40,77,945
9-Oct-13,8,794,1633,1530,4896,1008,1182,535,454,1116,2809,355,,224,590,1596,2259,1045,461,478,2462,3436,948,297,1143,198,143,152,1832
9-Oct-13,9,772,953,898,2432,965,1392,784,740,1118,1381,237,,70,230,1076,1218,485,158,508,1682,1932,715,302,535,210,162,119,1081
9-Oct-13,10,1108,572,443,998,1299,1717,997,1017,1386,498,161,,46,140,838,807,328,121,498,1584,1273,422,369,553,319,227,87,737
9-Oct-13,11,1149,633,431,841,1640,2281,1658,1717,1799,485,165,,68,175,1088,972,352,109,592,1840,1193,381,549,450,426,437,107,865
9-Oct-13,12,1906,1377,704,1283,2581,3047,2744,2962,2993,1227,410,,227,661,1430,1852,549,278,1093,2575,1930,701,1029,870,836,720,151,1303
9-Oct-13,13,2086,1552,734,1504,2765,3716,3073,3310,3246,1035,344,,184,511,1423,1915,531,332,828,2712,1861,709,1104,808,897,631,178,1204
9-Oct-13,14,1749,742,512,900,2348,3064,2312,2191,2175,511,197,,73,190,1274,1241,466,174,576,2330,1319,436,779,707,720,478,127,1065
9-Oct-13,15,1857,630,587,1210,2575,3127,2335,2140,1700,748,176,,54,197,1371,1140,560,229,604,2472,1699,427,745,752,784,418,137,1156
9-Oct-13,16,1944,655,873,2245,2402,3041,2173,2115,1654,1594,277,,103,278,1676,1472,687,277,590,2906,2643,538,850,863,658,420,144,1343
9-Oct-13,17,2432,1207,1490,3638,2824,3074,2242,2070,1260,2641,326,,138,589,2481,2307,1332,507,620,3677,3883,828,961,1314,758,548,196,1970
9-Oct-13,18,1952,831,751,1585,2412,2498,1824,1145,962,1095,239,,188,396,1703,1419,839,607,551,2573,1985,382,1002,890,944,727,134,1273
9-Oct-13,19,1470,357,282,509,2053,1526,727,457,541,373,127,,171,206,1222,909,498,573,401,1762,1045,211,912,520,857,706,94,794
9-Oct-13,20,1232,256,168,240,1980,1312,383,266,391,163,128,,127,116,1005,677,326,105,406,1401,566,164,744,326,765,555,89,539
9-Oct-13,21,853,182,138,171,1478,1027,281,228,266,139,87,,73,81,775,505,258,87,301,1092,464,115,611,223,547,422,68,452
9-Oct-13,22,630,164,85,114,1069,807,176,151,213,81,72,,36,55,675,495,259,486,240,911,281,119,421,192,432,402,71,366
9-Oct-13,23,313,71,38,84,530,421,78,83,95,46,26,,20,25,304,238,147,50,168,436,217,83,305,112,211,150,53,111
10-Oct-13,0,136,63,15,46,244,166,46,33,47,13,14,,10,3,131,122,80,22,111,205,52,35,230,30,94,75,37,75
10-Oct-13,1,59,11,1,11,80,93,18,39,24,11,6,,2,1,49,57,31,6,48,95,23,19,122,28,85,45,6,27
10-Oct-13,2,40,29,5,10,80,42,24,21,6,4,4,,0,2,38,18,10,13,38,40,13,13,61,3,39,19,7,19
10-Oct-13,3,18,9,1,8,12,39,6,6,13,1,6,,1,1,32,13,15,7,37,35,12,4,59,16,23,9,8,36
10-Oct-13,4,12,11,1,10,29,32,5,31,8,4,2,,0,3,26,21,20,9,32,21,8,16,39,12,11,6,3,27
10-Oct-13,5,18,60,26,73,54,80,27,15,26,44,15,,5,22,80,91,61,10,53,103,143,25,25,44,9,5,12,92
10-Oct-13,6,83,225,182,576,180,206,65,80,103,325,89,,46,118,269,362,199,85,127,482,564,134,83,173,31,14,50,319
10-Oct-13,7,245,724,735,2135,332,534,267,232,413,1364,197,,126,306,792,1026,480,269,301,1349,1944,458,174,445,87,44,71,888
10-Oct-13,8,778,1637,1642,5159,861,1077,660,577,940,2937,311,,202,530,1578,2276,1063,470,500,2543,3575,1025,310,925,217,135,173,1673
10-Oct-13,9,642,965,848,2315,910,1267,759,753,906,1274,222,,52,238,960,1237,453,173,685,1808,2034,610,275,523,174,152,147,872
10-Oct-13,10,721,697,469,979,1189,1700,1224,1205,1167,487,179,,32,127,796,828,310,150,813,1510,1196,424,372,369,323,267,238,667
10-Oct-13,11,866,574,509,780,1365,2117,1701,1679,1523,463,139,,38,121,938,816,326,245,976,1796,1183,343,530,385,399,343,281,753
10-Oct-13,12,1169,1436,607,1188,1806,2974,2439,2738,2001,930,264,,39,370,1136,1225,417,195,1350,2202,1645,487,826,417,706,561,267,793
10-Oct-13,13,1331,1185,573,1183,1895,2887,2488,2891,1920,777,217,,27,277,1149,1140,342,187,1268,2261,1620,454,858,386,709,473,242,1032
10-Oct-13,14,1290,694,541,1010,1818,2563,2018,2265,1560,508,124,,52,134,1050,942,370,129,768,2100,1391,319,594,383,613,378,192,744
10-Oct-13,15,1414,496,551,1119,1947,2654,2098,2268,1379,728,202,,22,150,1107,1051,417,123,656,2247,1465,365,667,522,586,362,177,846
10-Oct-13,16,1712,670,886,2159,2104,2731,2170,2093,1329,1590,238,,58,279,1421,1322,630,202,499,2711,2666,504,781,684,576,409,185,1172
10-Oct-13,17,2072,1114,1484,3586,2295,2924,2443,2164,1409,2599,279,,124,555,1941,2210,1284,422,483,3400,3740,688,915,1000,704,467,151,1788
10-Oct-13,18,1623,783,639,1395,2215,2421,2074,1692,846,1108,221,,100,355,1683,1372,783,403,401,2503,1919,384,1025,582,885,794,113,1383
10-Oct-13,19,1192,373,249,530,1879,1748,1316,831,571,322,132,,66,126,1250,814,309,443,353,1817,901,201,813,247,757,630,56,1460
10-Oct-13,20,1027,307,176,264,1772,1426,883,513,290,176,85,,29,91,766,629,278,77,323,1379,521,172,700,181,689,596,88,510
10-Oct-13,21,718,192,130,134,1367,1032,405,309,253,88,86,,22,52,983,582,197,52,249,1107,435,140,676,153,485,445,55,1180
10-Oct-13,22,484,160,106,88,1002,767,226,212,187,81,71,,18,34,614,355,191,478,174,815,281,132,577,124,357,427,66,335
10-Oct-13,23,284,91,51,79,612,437,153,248,93,37,26,,19,16,264,240,158,28,97,519,170,65,409,83,202,223,23,97
11-Oct-13,0,91,69,23,16,259,239,53,55,58,8,10,,6,4,118,135,65,11,78,194,39,32,227,32,77,126,21,62
11-Oct-13,1,65,28,9,9,169,122,32,36,29,2,11,,8,1,44,60,31,4,66,111,16,7,208,31,73,54,13,32
11-Oct-13,2,67,11,7,9,87,82,27,25,15,6,1,,1,1,29,24,6,0,52,56,9,7,195,9,38,41,10,22
11-Oct-13,3,27,4,1,3,72,51,18,48,20,6,5,,3,1,26,34,19,8,34,39,5,7,206,3,28,20,8,32
11-Oct-13,4,18,20,3,2,22,41,11,28,13,2,1,,1,1,38,26,34,5,28,42,16,1,120,18,7,4,4,35
11-Oct-13,5,18,71,23,74,60,83,18,25,25,43,9,,5,22,83,93,58,17,65,106,142,29,56,59,12,4,12,104
11-Oct-13,6,103,240,180,528,209,186,74,81,101,347,76,,33,112,310,441,191,85,158,533,608,112,84,160,35,23,36,324
11-Oct-13,7,278,626,735,2063,321,461,280,286,385,1199,199,,105,299,793,1049,473,231,319,1213,1808,452,156,399,56,70,91,813
11-Oct-13,8,1007,1586,1625,4645,854,1106,665,607,997,2864,315,,196,490,1577,2300,981,404,554,2409,3413,941,306,582,196,120,224,1641
11-Oct-13,9,1004,944,798,2149,1194,1337,896,798,973,1328,214,,99,205,1057,1237,453,214,728,1624,1823,659,326,330,246,155,172,1062
11-Oct-13,10,850,624,510,856,1158,1789,1290,1325,1352,485,212,,118,188,999,924,454,262,858,1574,1253,464,397,350,332,285,218,721
11-Oct-13,11,1062,592,467,815,1615,2264,1933,1920,1647,476,200,,118,179,1170,1087,607,347,1066,1909,1109,432,580,485,490,368,311,927
11-Oct-13,12,1883,1463,694,1129,2508,3028,3374,3491,2627,1242,421,,193,692,1509,1962,566,517,1951,2635,1998,649,1190,784,859,799,303,1077
11-Oct-13,13,2085,1507,735,1166,2782,3558,3656,3963,2823,1127,394,,241,661,1645,2096,518,519,1839,2866,1968,712,1333,694,983,892,320,1305
11-Oct-13,14,1909,750,532,927,2412,3167,2824,2833,2015,560,216,,181,250,1547,1468,547,420,1132,2598,1431,503,907,677,723,562,221,1229
11-Oct-13,15,1975,555,534,1221,2590,3267,2859,3107,1866,779,191,,121,246,1549,1348,547,412,1042,2722,1628,505,848,732,771,535,250,1282
11-Oct-13,16,2113,786,874,2030,2725,3361,2880,2859,1672,1683,206,,111,352,1739,1652,769,434,932,3126,2695,545,957,774,817,502,223,1483
11-Oct-13,17,2568,1191,1301,2939,2936,3808,3629,3150,1828,2249,287,,197,614,2511,2412,1237,688,597,3668,3365,636,1320,1139,1014,639,239,2053
11-Oct-13,18,2284,909,742,1366,3102,3308,3129,2694,1405,912,224,,144,385,2035,1609,725,635,503,2964,2244,435,1272,1001,1182,990,150,1681
11-Oct-13,19,1830,536,321,507,2844,2640,2316,1888,876,374,200,,162,219,2210,1308,577,838,437,2387,1052,224,1370,829,1325,1059,154,1900
11-Oct-13,20,1774,459,216,277,2624,2283,1953,1297,580,189,111,,102,118,1472,1137,377,133,376,1970,590,181,1445,498,1255,1069,111,971
11-Oct-13,21,1425,303,150,202,2609,2029,918,649,373,181,107,,118,75,1410,925,476,86,332,1623,568,191,1179,405,960,804,134,859
11-Oct-13,22,1049,233,126,139,2196,1698,630,457,305,89,76,,40,91,1849,760,317,784,280,1432,374,160,1050,451,983,861,75,1038
11-Oct-13,23,674,185,121,114,1732,1139,340,314,196,81,91,,36,33,824,585,349,84,228,1067,339,114,1011,189,538,680,80,368
12-Oct-13,0,407,109,48,68,948,868,257,193,163,42,51,,33,27,472,390,200,26,195,716,150,64,717,120,393,478,46,206
12-Oct-13,1,242,49,31,29,551,458,108,118,72,27,28,,13,10,241,271,95,5,110,387,50,61,550,57,235,282,23,92
12-Oct-13,2,88,25,7,18,234,201,74,85,29,13,10,,6,7,131,99,49,1,120,241,28,26,342,25,114,148,25,65
12-Oct-13,3,86,14,16,15,196,159,60,50,21,14,17,,1,1,53,74,41,9,100,147,34,12,380,13,77,116,16,61
12-Oct-13,4,38,14,2,12,89,103,39,49,18,6,7,,3,1,62,49,35,4,62,116,25,17,218,8,48,49,8,57
12-Oct-13,5,22,28,14,8,58,86,18,46,29,13,18,,2,8,51,54,41,2,101,85,57,20,155,18,21,65,23,33
12-Oct-13,6,47,45,35,7,107,99,40,26,33,24,35,,10,44,67,86,70,48,156,126,168,49,135,93,30,24,39,75
12-Oct-13,7,93,101,34,29,199,229,85,76,111,63,108,,50,91,153,171,154,103,279,369,336,67,115,280,52,20,76,132
12-Oct-13,8,190,107,82,65,399,418,292,242,285,115,218,,68,237,406,306,202,239,529,694,528,147,133,330,215,58,158,276
12-Oct-13,9,357,199,131,71,799,933,760,755,709,128,91,,90,327,597,545,586,335,826,982,718,111,229,709,274,107,226,476
12-Oct-13,10,648,250,111,105,1125,1678,1506,1412,1139,125,112,,132,371,818,843,380,564,1356,1398,748,239,345,741,18,257,325,550
12-Oct-13,11,1038,318,155,98,1983,2213,2264,2187,1466,140,197,,178,286,1326,997,477,686,1671,1741,922,262,590,712,66,421,422,849
12-Oct-13,12,1695,468,265,138,2735,2871,2860,2931,1789,135,173,,243,302,1683,1194,482,802,1888,2247,954,243,799,1118,615,650,416,1053
12-Oct-13,13,2992,533,257,188,3767,4052,3431,3550,1891,137,147,,267,257,2016,1487,518,727,1914,2790,982,222,1009,971,1120,762,391,1618
12-Oct-13,14,3527,647,252,114,4122,4483,3664,3789,1890,134,148,,315,224,2529,2773,640,700,1646,3549,995,239,1233,1036,1383,670,389,1627
12-Oct-13,15,2489,417,259,113,3570,4281,3933,4022,2099,128,96,,276,210,2902,3050,630,948,1236,3493,1036,242,1193,1054,1179,630,317,1636
12-Oct-13,16,2485,472,242,89,3480,4032,3636,3685,1831,175,111,,370,241,2802,1895,629,356,707,3056,1025,252,1196,1061,1035,517,183,1379
12-Oct-13,17,2301,587,218,112,3062,3276,2821,2807,1270,208,197,,433,237,2216,1568,590,292,632,2741,1019,236,1171,956,1093,559,160,1256
12-Oct-13,18,1869,585,228,115,3232,2589,2218,1622,621,229,281,,511,271,2291,1331,552,1216,424,2304,1323,295,1325,962,1156,827,148,1246
12-Oct-13,19,1590,362,228,91,2484,2068,1339,786,448,164,224,,459,199,1857,1116,417,699,402,1817,921,172,1240,505,1160,1022,107,1131
12-Oct-13,20,1321,353,128,55,2417,1800,690,580,364,80,117,,281,88,1515,1028,408,127,321,1542,442,124,1054,538,1030,914,98,869
12-Oct-13,21,1034,276,96,74,2157,1546,586,403,253,124,310,,263,157,1368,846,307,44,197,1323,670,167,1067,374,948,797,102,785
12-Oct-13,22,812,297,113,100,1978,1547,653,546,358,201,266,,380,169,1773,842,371,761,254,1400,865,277,1157,475,764,786,84,1392
12-Oct-13,23,740,208,120,94,1755,1227,381,416,240,74,125,,133,40,1294,679,439,69,271,1165,371,157,1256,298,610,701,64,766
13-Oct-13,0,398,125,62,58,1017,983,248,302,175,61,95,,64,39,668,567,269,14,212,818,263,129,913,149,387,452,56,405
13-Oct-13,1,267,69,85,35,616,615,190,215,127,39,37,,31,19,466,224,120,22,168,559,83,61,946,137,309,442,44,305
13-Oct-13,2,114,54,46,18,335,381,202,207,48,18,38,,4,10,338,179,68,7,112,374,35,37,788,66,204,303,21,203
13-Oct-13,3,98,22,27,28,295,320,125,129,54,10,11,,1,4,175,127,80,22,98,329,34,35,585,19,146,163,21,85
13-Oct-13,4,54,16,6,12,72,213,61,87,29,7,19,,3,1,56,85,55,19,77,113,25,29,365,21,34,71,16,38
13-Oct-13,5,39,33,16,18,73,164,40,53,48,4,17,,3,10,97,70,55,147,49,142,37,35,191,44,18,45,7,175
13-Oct-13,6,111,58,27,17,92,214,39,84,115,24,14,,7,23,154,79,117,1407,66,239,84,48,140,82,12,39,14,195
13-Oct-13,7,152,92,50,18,165,330,86,83,137,18,27,,24,54,682,161,129,807,139,411,224,67,129,127,32,28,31,1766
13-Oct-13,8,294,133,97,31,387,579,174,188,242,68,42,,87,94,1264,262,190,6144,337,576,397,133,99,184,65,68,90,1957
13-Oct-13,9,410,211,144,63,723,904,489,540,466,87,56,,124,129,1070,417,239,3999,712,809,540,125,216,281,93,125,158,1008
13-Oct-13,10,401,248,150,60,739,1269,938,1038,833,96,60,,105,118,1306,599,275,3291,899,1194,648,179,316,282,232,200,274,1123
13-Oct-13,11,607,303,122,79,1121,1713,1417,1582,1001,73,48,,59,90,1545,654,285,592,1138,1236,638,169,395,324,414,365,309,1107
13-Oct-13,12,1038,410,132,58,1738,2076,2043,1953,1224,75,57,,74,118,1384,776,278,1511,1515,1543,633,108,603,512,665,662,322,1264
13-Oct-13,13,1168,278,141,56,1916,2333,2344,2276,1251,86,80,,66,112,1317,791,324,365,1474,1598,671,170,703,457,797,685,385,1341
13-Oct-13,14,1314,347,144,73,1986,2430,2505,2386,1441,73,77,,70,116,1257,947,364,373,1483,1760,803,191,818,667,711,564,299,1347
13-Oct-13,15,1422,352,134,38,2269,2484,2475,2573,1179,87,56,,82,122,1373,950,458,589,1201,1916,611,125,898,671,766,553,322,1442
13-Oct-13,16,1185,255,99,59,1832,2230,1957,1988,922,82,37,,15,100,1260,852,315,105,772,1815,670,202,697,376,625,364,157,1288
13-Oct-13,17,1260,321,123,58,1778,1712,1556,1212,444,79,51,,10,63,917,780,346,90,343,1692,614,151,686,369,642,544,122,604
13-Oct-13,18,815,273,96,40,1631,1281,1094,612,252,77,86,,21,65,871,603,278,658,239,1231,495,94,739,283,674,655,80,690
13-Oct-13,19,600,219,61,45,1285,1029,500,315,189,53,58,,24,45,523,443,198,373,253,1013,390,91,636,91,582,568,81,388
13-Oct-13,20,538,155,38,32,1125,654,284,221,154,41,57,,12,27,398,321,150,20,197,762,273,75,542,61,567,455,60,218
13-Oct-13,21,359,91,21,18,812,464,161,166,92,42,58,,10,32,410,263,127,11,177,665,255,71,437,36,369,320,63,224
13-Oct-13,22,261,96,32,33,589,406,110,105,61,26,29,,13,8,311,228,112,374,87,508,192,58,395,57,250,227,56,171
13-Oct-13,23,128,43,19,26,323,232,85,97,58,29,20,,11,4,128,155,99,9,84,354,120,25,177,28,143,80,24,53
14-Oct-13,0,35,11,8,20,112,99,35,35,16,13,10,,8,1,54,100,38,1,51,131,21,14,103,218,55,32,7,39
14-Oct-13,1,27,12,3,12,49,41,16,6,21,6,3,,0,3,20,24,14,3,37,11,10,3,77,168,36,11,10,11
14-Oct-13,2,9,9,0,3,34,29,14,10,3,3,5,,0,2,20,20,12,3,28,27,5,2,56,10,6,9,3,14
14-Oct-13,3,11,2,0,0,26,23,8,4,2,1,0,,2,0,35,8,15,11,16,16,5,10,81,45,7,7,2,32
14-Oct-13,4,13,16,1,1,20,28,11,17,5,0,16,,0,2,29,30,30,3,20,36,7,4,40,7,3,9,1,37
14-Oct-13,5,17,66,15,62,43,60,16,20,23,47,15,,5,21,83,68,42,10,27,95,114,28,20,58,5,10,9,96
14-Oct-13,6,72,172,167,497,136,148,52,75,78,357,81,,39,85,280,303,145,56,56,438,587,114,60,163,33,21,22,307
14-Oct-13,7,267,700,669,2040,287,426,245,248,328,1359,222,,98,284,763,981,444,191,151,1273,1810,444,150,374,59,49,47,790
14-Oct-13,8,792,1651,1639,4942,820,1054,717,669,864,2798,304,,174,483,1572,2333,985,314,318,2485,3313,901,336,714,207,131,126,1609
14-Oct-13,9,662,932,769,2386,845,1263,792,868,937,1386,175,,78,215,909,1210,398,171,386,1659,1993,657,257,399,195,137,95,976
14-Oct-13,10,788,519,453,865,997,1658,1204,1176,1135,400,148,,70,117,874,793,284,84,459,1528,1125,372,369,381,293,256,71,709
14-Oct-13,11,1007,543,418,697,1323,2124,1559,1688,1405,453,101,,72,156,932,967,421,164,510,1872,1048,387,527,454,399,402,99,776
14-Oct-13,12,1412,1376,569,1026,2181,2904,2705,2832,2287,1064,294,,150,489,1180,1750,553,212,830,2472,1705,489,1006,566,748,684,126,1000
14-Oct-13,13,1331,1164,558,1258,2115,3126,3018,3011,2146,780,222,,35,322,1190,1385,356,154,620,2329,1578,475,905,452,775,563,120,871
14-Oct-13,14,1415,609,457,923,2082,2751,2181,2179,1542,436,133,,31,127,1062,930,371,82,484,2274,1191,352,646,383,581,445,88,794
14-Oct-13,15,1582,529,477,1157,2046,2769,2156,2154,1486,703,202,,36,165,1245,1039,450,72,515,2409,1527,462,716,506,644,452,122,934
14-Oct-13,16,1664,690,926,2543,1980,2669,2167,2057,1223,1705,178,,35,243,1484,1216,640,139,489,2637,2578,466,753,541,618,383,103,1161
14-Oct-13,17,2014,1062,1662,3893,2132,2584,2265,1966,1075,2760,293,,148,543,2178,2053,1249,276,465,3467,3785,656,947,893,734,496,154,1915
14-Oct-13,18,1433,651,780,1591,2010,1936,1597,1036,561,1085,189,,111,364,1493,1242,688,231,365,2482,1848,350,928,627,639,556,126,1547
14-Oct-13,19,1101,342,243,539,1627,1249,734,513,306,308,110,,108,154,936,716,330,118,325,1740,892,184,878,260,675,583,90,899
14-Oct-13,20,903,221,138,191,1460,1011,378,319,195,141,60,,39,86,587,674,322,44,283,1211,480,112,656,174,572,429,59,373
14-Oct-13,21,681,140,89,127,1105,740,226,212,141,80,49,,24,32,569,459,185,25,202,943,314,85,539,183,376,305,55,603
14-Oct-13,22,369,114,40,66,763,485,174,145,94,40,42,,19,24,449,324,166,21,109,676,231,78,340,269,270,205,44,949
14-Oct-13,23,195,70,21,51,336,266,70,53,57,21,13,,5,8,143,162,119,14,80,417,128,38,201,61,129,78,16,100
15-Oct-13,0,84,27,9,23,149,130,32,33,21,8,3,,6,1,82,65,40,2,66,157,39,13,108,37,51,40,9,79
15-Oct-13,1,50,13,5,11,69,53,19,23,13,2,7,,1,4,26,40,13,1,65,55,12,8,80,6,20,30,5,15
15-Oct-13,2,19,4,5,5,24,36,7,21,3,3,3,,3,2,16,19,13,3,33,26,3,7,21,11,19,23,13,17
15-Oct-13,3,9,4,0,2,27,19,6,5,11,0,2,,1,0,30,9,4,0,25,23,8,1,46,7,18,12,3,41
15-Oct-13,4,10,18,1,8,17,25,22,36,7,2,1,,0,1,31,11,21,2,20,27,17,0,34,5,7,4,6,45
15-Oct-13,5,24,80,20,75,57,65,21,18,31,51,12,,4,17,83,95,50,31,54,144,145,31,49,68,9,8,7,111
15-Oct-13,6,83,230,194,631,211,187,6,114,211,388,70,,53,139,290,428,194,93,138,544,670,133,112,212,36,23,40,300
15-Oct-13,7,277,764,806,2324,383,542,212,281,500,1369,208,,136,338,932,1104,585,297,304,1459,2014,492,174,472,72,53,97,949
15-Oct-13,8,819,1648,1777,5350,1001,1094,707,691,988,2822,354,,250,617,1587,2318,1039,413,575,2512,3564,1005,335,758,248,154,232,1847
15-Oct-13,9,661,905,829,2285,949,1215,768,696,937,1330,215,,75,235,1030,1183,440,154,643,1603,1757,645,344,475,184,147,143,1263
15-Oct-13,10,815,607,534,981,1085,1666,1040,1141,998,492,205,,71,118,798,769,334,133,805,1376,1159,456,354,357,259,165,169,684
15-Oct-13,11,1140,572,489,905,1504,1999,1625,1500,1364,418,137,,84,169,975,976,392,176,966,1716,1059,452,502,380,433,356,213,893
15-Oct-13,12,1735,1370,688,1168,2312,3063,2802,2885,2364,1243,381,,277,660,1342,1737,534,267,1920,2496,1840,645,1028,703,774,708,242,1207
15-Oct-13,13,1985,1330,702,1250,2523,3354,3132,3421,2552,1014,297,,212,510,1353,1778,514,276,1675,2714,1678,622,1154,645,822,597,239,1048
15-Oct-13,14,1712,644,487,903,2281,2867,2617,2425,1806,553,168,,102,195,1329,1334,513,195,904,2290,1322,385,807,520,648,459,184,1351
15-Oct-13,15,1821,548,595,1167,2281,2980,2153,2221,1474,762,163,,99,196,1229,1171,550,181,638,2451,1528,414,733,588,648,329,144,1031
15-Oct-13,16,2079,697,970,2463,2312,2819,2285,2401,1272,1693,245,,133,289,1669,1407,715,208,505,2725,2645,533,793,769,681,397,139,1202
15-Oct-13,17,2236,1178,1532,3882,2379,2943,2434,2349,1348,2596,270,,173,668,2269,2357,1314,480,547,3553,3714,798,1064,1039,744,515,160,2085
15-Oct-13,18,1786,747,726,1563,2310,2323,1934,1321,789,1129,220,,173,436,1814,1510,845,422,549,2729,1811,369,984,708,763,567,182,2284
15-Oct-13,19,1448,437,314,564,1948,1547,873,583,404,326,116,,100,204,1199,870,447,192,380,1860,810,209,897,329,717,557,107,1301
15-Oct-13,20,1242,320,146,303,1740,1233,499,351,247,188,88,,120,93,963,766,315,76,355,1352,496,118,707,210,644,499,109,736
15-Oct-13,21,785,224,111,131,1345,951,330,276,212,106,97,,77,43,828,594,208,43,249,1145,437,134,605,184,481,344,109,626
15-Oct-13,22,432,139,75,80,796,527,217,186,92,47,44,,24,38,618,427,163,29,148,749,214,61,432,119,304,283,39,1493
15-Oct-13,23,224,62,40,48,421,306,104,72,38,30,24,,22,13,229,270,159,12,133,547,144,52,241,91,186,120,23,183
16-Oct-13,0,98,37,9,18,126,125,42,19,19,5,9,,14,6,138,100,47,10,61,200,43,26,136,35,123,62,21,72
16-Oct-13,1,36,23,9,5,80,68,17,25,10,1,1,,2,2,40,18,18,6,46,71,9,5,98,17,56,29,10,23
16-Oct-13,2,31,10,11,3,42,39,11,15,3,0,2,,1,0,23,17,10,13,16,24,9,8,79,8,31,25,1,16
16-Oct-13,3,12,12,1,5,17,30,0,10,14,0,2,,0,0,41,22,8,3,33,31,2,1,52,3,8,24,0,31
16-Oct-13,4,18,21,1,5,21,23,13,9,5,2,4,,0,1,30,14,32,3,15,38,14,6,35,7,3,6,2,34
16-Oct-13,5,22,72,23,79,65,82,29,10,37,44,22,,2,24,82,110,59,12,31,108,164,16,23,63,7,13,4,111
16-Oct-13,6,67,244,179,618,210,189,69,95,105,392,106,,56,151,338,453,237,117,68,512,629,134,82,204,29,27,15,259
16-Oct-13,7,266,744,768,2276,421,493,334,261,370,1451,218,,174,459,876,1105,512,396,176,1397,1959,444,143,538,80,58,65,958
16-Oct-13,8,784,1760,1769,5202,857,1136,740,702,966,3070,370,,211,681,1491,2353,1061,422,407,2626,3478,982,285,832,254,130,171,1486
16-Oct-13,9,663,857,824,2296,914,1231,799,816,878,1317,193,,75,198,942,1225,461,181,458,1763,1840,589,292,365,165,172,92,946
16-Oct-13,10,728,550,411,905,1162,1672,1096,1161,1140,468,148,,61,105,874,774,501,180,400,1427,963,355,379,364,329,243,99,646
16-Oct-13,11,1014,533,469,776,1419,2093,1631,1580,1446,439,157,,53,161,961,895,341,189,518,1759,1322,390,551,376,446,388,104,712
16-Oct-13,12,1851,1366,655,1114,2512,2976,2805,3021,2463,1208,375,,170,523,1415,1712,620,304,961,2475,1896,579,1129,628,818,709,157,1258
16-Oct-13,13,2036,1229,679,1412,2743,3554,3300,3687,2606,970,311,,128,443,1343,1728,572,295,881,2821,1749,649,1172,600,936,636,145,1091
16-Oct-13,14,1683,719,673,921,2451,2869,2733,2564,1670,558,198,,74,204,1348,1252,462,204,594,2387,1346,401,732,638,745,416,120,1044
16-Oct-13,15,1715,623,530,1182,2460,3145,2526,2304,1474,772,170,,71,192,1465,1217,491,210,551,2467,1556,377,730,579,706,373,147,1076
16-Oct-13,16,1901,772,889,2401,2378,2907,2249,2401,1368,1638,188,,87,293,1624,1401,680,328,556,2836,2691,504,818,710,593,415,142,1359
16-Oct-13,17,2327,1145,1524,3663,2729,3197,2732,2347,1354,2549,279,,210,671,2310,2411,1295,616,587,3663,3669,623,937,1240,786,446,205,1993
16-Oct-13,18,1825,757,672,1575,2476,2487,2205,1371,889,1089,227,,147,417,1768,1526,799,896,446,2921,1914,437,985,699,857,600,167,1237
16-Oct-13,19,1410,433,321,611,2123,1603,1026,638,405,290,144,,124,225,1175,933,427,455,393,1962,966,213,887,350,854,737,116,935
16-Oct-13,20,1071,271,189,230,1684,1264,527,401,272,181,86,,95,90,1088,727,286,168,374,1440,542,140,693,250,690,584,90,710
16-Oct-13,21,801,182,111,149,1344,1014,380,310,266,119,61,,56,90,879,635,267,158,276,1209,399,99,616,190,563,443,92,507
16-Oct-13,22,509,138,87,110,929,660,230,194,202,60,48,,49,49,570,540,235,215,153,845,252,67,456,123,313,317,41,369
16-Oct-13,23,254,92,58,75,543,520,168,171,103,39,20,,13,16,369,298,207,396,131,680,149,42,305,80,192,161,33,156
17-Oct-13,0,104,35,12,25,199,156,66,56,37,16,21,,26,6,116,109,58,3,94,173,54,22,174,26,95,82,13,70
17-Oct-13,1,57,16,2,15,114,98,23,30,15,4,4,,0,1,41,39,11,5,56,51,13,22,136,17,80,17,15,44
17-Oct-13,2,25,9,7,10,53,41,13,18,7,2,0,,3,3,20,16,15,1,22,32,12,9,49,16,21,19,7,18
17-Oct-13,3,16,6,1,5,18,45,14,14,9,1,1,,0,1,28,23,14,9,33,30,7,9,24,1,15,9,1,40
17-Oct-13,4,10,10,3,7,16,36,10,7,9,0,2,,0,0,33,14,30,5,27,27,16,0,43,13,10,13,5,25
17-Oct-13,5,18,56,18,79,68,71,27,23,27,53,16,,2,19,83,85,51,14,70,129,161,25,29,54,4,4,12,82
17-Oct-13,6,92,248,201,655,179,202,74,100,107,354,74,,10,88,277,354,217,69,113,514,655,137,115,174,35,26,44,264
17-Oct-13,7,280,709,797,2274,329,502,323,299,416,1442,236,,43,252,821,1095,460,167,260,1346,1965,467,153,425,63,65,60,870
17-Oct-13,8,792,1633,1735,5122,888,1077,764,692,906,3010,308,,108,512,1490,2264,1075,267,520,2502,3495,1020,327,1039,208,161,203,1823
17-Oct-13,9,659,932,854,2301,961,1345,944,934,893,1393,223,,46,227,1033,1206,439,182,630,1662,1868,640,283,613,185,149,157,1177
17-Oct-13,10,818,657,446,922,1097,1498,1116,1239,1174,478,165,,43,170,986,839,345,213,774,1587,1212,490,330,529,270,242,154,674
17-Oct-13,11,977,612,455,844,1395,1946,1613,1639,1431,575,174,,50,145,954,1016,418,156,1054,1841,1103,383,432,529,432,298,223,633
17-Oct-13,12,1724,1403,697,1065,2363,3028,2930,3092,2403,1111,327,,108,444,1240,1691,563,214,1555,2534,1809,599,932,748,838,669,248,1061
17-Oct-13,13,1604,1223,651,1142,2162,2902,2789,3397,2179,899,285,,44,302,1397,1557,435,312,1508,2509,1611,536,1067,561,703,580,296,1254
17-Oct-13,14,1282,659,499,983,1777,2717,2308,2660,1641,508,169,,50,133,1299,1238,438,93,928,2187,1302,361,747,447,536,519,223,1171
17-Oct-13,15,1294,616,581,1211,1772,2626,2171,2313,1382,680,178,,23,137,1096,1121,436,89,528,2470,1516,401,714,508,523,454,205,902
17-Oct-13,16,1778,707,951,2421,2179,2647,2277,2260,1359,1686,180,,44,244,1324,1310,660,194,485,2786,2599,614,807,697,586,412,165,1229
17-Oct-13,17,2143,1106,1446,3656,2501,2978,2598,2376,1354,2602,294,,92,559,2083,2209,1252,425,469,3536,3659,731,980,1034,760,495,179,1789
17-Oct-13,18,1477,687,734,1511,2053,2467,2118,1917,817,1024,229,,80,293,1679,1333,701,578,421,2727,1861,431,992,600,721,703,134,1529
17-Oct-13,19,1163,429,253,540,1940,1716,1469,944,461,333,126,,24,130,1034,794,372,333,259,1728,859,220,873,358,716,586,122,852
17-Oct-13,20,951,273,159,274,1769,1278,968,554,308,181,96,,38,77,750,673,255,116,309,1446,526,154,725,202,630,597,107,636
17-Oct-13,21,673,210,127,154,1213,940,422,357,221,99,96,,15,29,718,493,213,71,255,1165,390,134,620,150,465,458,68,622
17-Oct-13,22,418,151,84,95,990,697,208,171,136,59,48,,19,19,579,390,194,90,181,910,226,93,582,97,359,453,47,392
17-Oct-13,23,227,105,48,52,577,482,115,118,127,30,36,,9,6,361,268,201,413,150,573,182,70,363,73,212,287,27,160
18-Oct-13,0,87,66,32,22,277,224,60,42,37,13,22,,9,6,103,136,57,13,83,243,47,27,238,28,119,191,26,77
18-Oct-13,1,75,18,8,5,130,120,47,32,26,6,5,,1,4,102,45,12,3,81,95,30,17,245,5,89,88,9,37
18-Oct-13,2,55,19,2,7,100,75,20,14,11,2,2,,3,0,17,26,13,3,41,33,15,14,161,3,27,51,14,34
18-Oct-13,3,25,11,4,2,86,46,11,12,12,1,3,,3,1,37,22,15,3,35,52,6,5,136,3,25,33,3,27
18-Oct-13,4,16,24,4,3,21,49,10,13,7,5,3,,6,2,38,20,24,15,24,29,18,3,46,9,11,11,11,43
18-Oct-13,5,21,61,24,93,55,59,22,14,19,48,9,,0,24,89,104,60,13,73,133,147,33,43,84,14,14,12,106
18-Oct-13,6,82,220,184,584,217,171,57,77,101,352,82,,24,104,296,487,230,86,182,534,596,134,86,194,31,29,51,303
18-Oct-13,7,284,744,762,2202,363,481,266,238,365,1329,185,,77,315,870,1152,543,209,343,1319,1828,447,146,510,77,57,74,860
18-Oct-13,8,780,1601,1682,4852,887,1100,719,627,917,2670,305,,139,533,1541,2319,1086,373,552,2386,3237,979,341,1385,176,152,195,1740
18-Oct-13,9,723,853,825,2270,891,1290,987,817,1067,1412,196,,81,226,1114,1262,560,152,614,1706,2070,692,286,780,193,178,222,1193
18-Oct-13,10,809,608,514,931,1058,1738,1350,1370,1386,502,173,,72,199,1117,912,449,197,835,1693,1265,594,432,825,337,267,198,973
18-Oct-13,11,1145,679,420,826,1670,2218,1843,2067,1603,497,159,,111,209,1322,1203,547,239,1169,1832,1091,424,645,645,410,395,215,1186
18-Oct-13,12,1928,1440,691,1229,2692,3471,3493,3583,2634,1320,418,,252,694,1669,1923,689,363,1871,2713,2016,737,1282,1118,891,820,332,1403
18-Oct-13,13,2183,1473,767,1421,2848,3748,3715,4374,2792,1142,373,,234,625,1862,2244,770,559,1713,2926,1880,815,1257,1196,1026,883,273,1683
18-Oct-13,14,1937,845,509,940,2329,3095,2928,3097,2071,623,227,,122,265,1678,1626,675,265,1192,2679,1402,565,1030,1179,933,548,221,1650
18-Oct-13,15,2013,618,601,1187,2523,3196,2904,3066,1862,782,161,,137,243,1742,1493,708,246,1140,2798,1738,459,891,1091,800,455,281,1449
18-Oct-13,16,2233,839,910,2193,2856,3339,2961,3072,1817,1746,184,,136,402,2072,1731,856,262,848,3404,2799,557,1031,1214,826,541,232,1701
18-Oct-13,17,2711,1273,1274,3011,3064,3582,3691,3402,1875,2250,244,,205,673,2936,2658,1300,414,589,3829,3417,805,1270,1661,1066,675,229,2338
18-Oct-13,18,2268,821,653,1185,3145,3177,3273,2709,1322,867,228,,196,409,2381,1819,726,355,547,3146,1988,433,1344,1149,1299,891,194,1801
18-Oct-13,19,1881,988,294,490,2999,2684,2335,1900,795,385,177,,226,214,2507,1289,532,351,425,2177,1067,286,1346,755,1384,1053,127,2103
18-Oct-13,20,1604,441,171,247,2819,2443,1758,1386,504,221,138,,139,106,1422,1165,345,78,391,1955,694,235,1235,586,1210,1098,146,904
18-Oct-13,21,1418,358,138,197,2491,1919,898,562,368,154,106,,100,89,1469,976,388,81,343,1681,515,189,1044,506,973,851,117,1086
18-Oct-13,22,1128,390,122,121,2055,1501,508,456,313,105,55,,77,54,1443,800,360,59,270,1260,445,123,1106,328,812,727,71,783
18-Oct-13,23,700,389,135,98,1484,1491,368,411,263,91,114,,72,38,1249,655,340,186,258,1115,351,141,1014,185,630,504,70,531
19-Oct-13,0,314,111,56,35,923,817,211,227,122,56,74,,38,15,436,495,237,24,191,808,216,81,799,87,385,325,36,214
19-Oct-13,1,208,59,23,33,532,360,113,112,77,14,16,,42,8,195,229,95,16,194,353,57,38,539,101,255,227,25,75
19-Oct-13,2,141,53,20,24,305,252,54,114,45,10,17,,5,3,142,120,76,7,83,212,21,28,448,39,134,125,31,67
19-Oct-13,3,73,12,13,17,153,156,34,45,19,9,18,,0,12,77,82,32,13,88,124,34,43,435,13,81,104,12,47
19-Oct-13,4,44,9,2,10,78,101,28,46,13,7,5,,8,4,67,53,29,20,79,110,23,9,218,6,38,44,7,40
19-Oct-13,5,23,32,18,9,66,88,34,29,21,19,10,,6,6,69,65,58,20,83,86,54,24,190,40,16,47,21,63
19-Oct-13,6,48,61,39,11,99,118,34,41,69,28,21,,12,32,108,82,82,36,140,218,157,31,200,114,33,24,39,50
19-Oct-13,7,91,97,57,28,225,204,77,93,154,65,27,,30,72,190,219,130,100,273,445,342,55,136,237,55,21,63,211
19-Oct-13,8,161,191,122,81,407,466,322,309,412,92,93,,69,137,349,335,154,138,468,590,568,173,182,454,64,89,175,294
19-Oct-13,9,322,179,129,77,539,1054,711,745,687,112,125,,68,165,616,571,295,144,831,945,701,169,237,550,131,146,236,528
19-Oct-13,10,612,250,160,103,867,1560,1448,1504,1165,135,136,,114,179,874,819,431,207,1270,1411,856,229,385,747,329,277,387,651
19-Oct-13,11,988,272,144,93,1548,2048,2135,2096,1335,148,137,,151,276,1213,942,427,288,1652,1600,763,197,543,793,541,345,468,848
19-Oct-13,12,1350,312,168,91,2330,2663,2553,2747,1561,132,121,,210,189,1665,1060,488,360,1790,1928,932,214,660,1031,871,507,474,1115
19-Oct-13,13,1599,365,223,117,2724,3147,3161,3163,1703,121,114,,283,216,1888,1204,523,353,1837,2107,883,199,760,1126,1028,623,385,1273
19-Oct-13,14,1788,397,183,116,2691,3270,3482,3331,1658,148,101,,237,202,1849,1350,574,370,1498,2219,818,205,963,1117,987,549,327,1365
19-Oct-13,15,1834,394,232,96,2770,3167,3353,3485,1751,165,75,,251,202,2015,1504,573,388,1190,2525,848,194,1073,1269,988,474,326,1317
19-Oct-13,16,1927,393,193,85,2733,3098,3134,2948,1503,105,51,,209,226,1908,1537,647,501,659,2768,940,238,1104,1079,943,464,166,1235
19-Oct-13,17,1915,462,181,57,2565,2671,2536,2250,989,126,83,,313,234,1872,1463,625,395,420,2223,847,212,1046,1266,903,468,114,1320
19-Oct-13,18,1568,407,171,91,2647,2200,1931,1262,576,161,112,,270,158,2132,1307,492,456,433,2066,917,207,1016,873,1055,732,159,1621
19-Oct-13,19,1347,380,201,102,2266,2171,1197,726,472,115,176,,346,140,2178,1260,488,715,340,1838,605,138,1171,620,1084,1005,109,1979
19-Oct-13,20,1270,392,129,79,2372,2230,675,553,359,76,90,,431,100,1662,1112,413,150,352,1618,408,191,1244,482,1104,910,96,828
19-Oct-13,21,1145,255,131,63,2090,1973,516,409,272,63,90,,246,51,1718,749,357,74,306,1317,382,148,1032,419,965,879,70,1024
19-Oct-13,22,938,265,104,58,1824,1740,387,364,309,65,103,,181,63,1706,725,362,95,200,1164,374,166,1086,376,818,881,52,1165
19-Oct-13,23,729,256,103,53,1453,1243,411,362,251,64,79,,106,56,1117,775,423,367,255,1196,282,165,1045,365,531,765,76,557
20-Oct-13,0,356,153,76,51,971,1574,265,352,198,51,72,,43,43,666,497,307,53,204,870,194,86,947,243,460,533,66,253
20-Oct-13,1,290,75,72,28,643,857,298,302,173,12,42,,35,17,484,281,169,21,164,494,96,81,872,133,324,427,36,202
20-Oct-13,2,153,59,44,28,330,707,203,206,126,20,23,,7,4,301,205,83,19,102,465,46,78,888,42,213,310,19,199
20-Oct-13,3,127,26,24,26,233,323,117,126,65,12,27,,4,4,147,128,72,9,105,270,42,65,652,34,130,167,11,67
20-Oct-13,4,74,17,13,16,99,192,57,116,27,11,5,,5,9,73,63,39,13,68,136,38,35,331,41,46,50,5,61
20-Oct-13,5,27,16,9,4,65,165,50,56,45,9,6,,3,45,91,70,39,82,53,109,26,34,164,60,30,28,4,93
20-Oct-13,6,38,26,11,8,88,153,40,52,64,19,7,,4,38,123,68,50,61,62,203,72,28,195,102,19,23,25,134
20-Oct-13,7,73,47,25,19,125,190,68,72,97,24,36,,23,90,182,149,107,81,156,291,240,78,116,246,23,45,36,226
20-Oct-13,8,164,113,48,56,286,360,185,169,163,61,43,,102,96,295,341,212,115,359,476,347,107,152,384,40,37,87,397
20-Oct-13,9,308,188,75,63,518,698,538,517,430,96,73,,234,152,484,534,260,172,676,806,510,185,211,394,96,142,197,688
20-Oct-13,10,638,172,83,67,679,1306,1009,1212,848,89,84,,384,203,946,816,426,204,954,1214,628,181,289,660,311,261,297,1195
20-Oct-13,11,922,215,114,71,1396,1845,1687,1703,1167,124,78,,480,198,1324,972,424,274,1274,1419,607,189,377,804,459,377,341,1586
20-Oct-13,12,1251,293,105,58,1875,2403,2156,2167,1341,122,77,,665,230,1773,1108,423,342,1486,1620,606,161,697,927,672,630,409,1830
20-Oct-13,13,1585,273,137,92,2252,2635,2746,2580,1304,94,250,,617,231,2213,1076,410,350,1631,1785,603,171,767,902,1002,666,440,2163
20-Oct-13,14,1486,397,146,104,2318,2762,2954,2584,1389,101,68,,587,235,2165,1123,423,329,1519,1984,619,147,837,946,936,495,367,2227
20-Oct-13,15,1588,315,129,59,2424,2554,2899,2637,1081,119,257,,510,207,1862,1098,483,311,1065,2190,566,132,588,1062,699,429,304,1780
20-Oct-13,16,1471,264,123,60,2093,2439,2464,2354,807,84,83,,529,210,1984,1167,502,322,649,2083,664,119,702,839,722,373,195,1714
20-Oct-13,17,1511,269,156,77,2277,2084,1789,1593,510,93,46,,243,148,1747,1043,559,285,391,2055,695,136,755,729,809,475,181,1162
20-Oct-13,18,1039,309,100,54,1791,1379,1130,720,283,94,66,,172,140,1200,753,438,438,358,1614,547,124,787,502,754,621,107,667
20-Oct-13,19,886,326,71,54,1682,1185,800,361,237,70,62,,114,112,1075,729,356,547,260,1410,400,138,770,274,714,700,95,519
20-Oct-13,20,765,198,42,55,1561,944,530,287,204,78,69,,120,67,756,626,219,118,290,1019,309,98,653,178,658,522,94,277
20-Oct-13,21,573,156,40,34,1089,720,337,213,142,55,63,,47,30,559,546,227,32,263,906,237,131,546,138,472,478,67,199
20-Oct-13,22,361,109,44,38,730,526,226,130,105,34,39,,48,24,448,422,244,458,177,628,176,61,423,109,279,746,47,201
20-Oct-13,23,178,54,20,37,438,288,121,73,55,20,19,,12,16,228,239,193,33,124,409,130,36,296,93,161,611,38,103
21-Oct-13,0,108,18,7,21,175,134,59,31,20,8,6,,6,4,111,89,47,7,92,182,41,25,128,90,53,139,36,40
21-Oct-13,1,24,10,5,17,65,65,45,27,12,7,16,,0,2,49,55,19,5,46,58,13,14,106,38,51,41,1,14
21-Oct-13,2,26,16,5,8,37,32,16,17,4,2,13,,3,0,27,24,10,2,22,23,6,9,62,9,22,47,7,29
21-Oct-13,3,21,12,1,4,39,40,6,7,6,6,0,,0,1,29,13,6,4,11,28,14,2,107,7,28,103,3,27
21-Oct-13,4,16,9,6,6,19,34,8,9,11,11,3,,0,1,24,26,27,7,17,17,28,2,50,14,8,63,5,33
21-Oct-13,5,24,56,19,73,57,51,28,19,19,48,10,,3,36,97,89,63,21,46,104,158,26,34,40,13,11,13,105
21-Oct-13,6,93,222,198,641,199,169,75,104,130,355,64,,30,106,279,437,208,83,49,508,619,148,89,183,25,27,20,252
21-Oct-13,7,270,707,790,2160,297,426,255,247,398,1367,183,,85,285,753,1034,467,217,169,1308,1871,429,148,451,52,73,49,697
21-Oct-13,8,771,1640,1661,5071,845,1019,639,668,853,2954,253,,145,534,1589,2284,1017,322,362,2519,3317,924,250,741,215,146,159,1493
21-Oct-13,9,641,945,835,2345,777,1103,788,786,926,1301,187,,64,218,809,1145,453,134,460,1643,1801,600,262,463,182,141,87,806
21-Oct-13,10,771,608,474,983,1095,1481,1134,1106,1156,495,185,,101,137,732,808,333,164,492,1565,1162,357,418,325,263,236,79,605
21-Oct-13,11,923,585,415,707,1405,1982,1582,1577,1407,448,125,,59,167,966,942,404,103,507,1895,983,317,485,410,423,292,81,676
21-Oct-13,12,1589,1312,624,960,2149,3018,2817,2945,2213,1164,315,,59,432,1206,1451,479,270,872,2367,1790,440,910,598,668,593,141,941
21-Oct-13,13,1682,1213,671,1237,2171,3054,2979,3201,2477,955,271,,137,370,1263,1374,455,355,762,2413,1709,512,1081,512,749,582,146,982
21-Oct-13,14,1285,702,439,949,1948,2674,2267,2308,1651,469,118,,40,119,1176,1041,442,191,565,2141,1149,344,707,522,646,428,141,918
21-Oct-13,15,1465,264,537,1201,1863,2531,2094,2210,1450,700,117,,41,152,1037,1026,500,118,521,2223,1554,339,702,525,547,346,159,787
21-Oct-13,16,1696,7,955,810,1061,2607,2012,827,487,1739,205,,29,124,1356,1190,603,141,497,2656,2644,428,692,551,612,396,119,1109
21-Oct-13,17,1968,65,1663,84,93,2503,2206,87,59,2636,272,,9,25,2101,2199,1257,315,477,3533,3683,591,981,901,770,494,161,1795
21-Oct-13,18,1430,33,761,50,84,1880,1574,56,34,1080,176,,4,20,1320,1245,682,229,415,2516,1717,341,820,531,728,564,106,1179
21-Oct-13,19,1017,12,256,24,88,1250,786,22,22,341,133,,3,17,1028,677,329,78,275,1558,892,176,735,246,528,482,86,1283
21-Oct-13,20,781,16,133,15,72,916,488,6,12,129,76,,1,1,572,611,241,42,263,1070,500,132,622,158,509,411,137,428
21-Oct-13,21,599,11,116,8,23,721,394,6,8,79,60,,1,2,615,446,184,34,206,879,323,116,484,126,381,367,47,575
21-Oct-13,22,398,83,65,20,34,512,203,8,1,43,35,,9,1,562,316,152,17,139,652,229,81,292,71,270,163,40,650
21-Oct-13,23,171,62,27,50,66,239,79,55,9,23,14,,15,2,175,165,147,18,91,425,117,31,212,71,125,95,28,112
22-Oct-13,0,66,31,12,18,138,86,60,95,36,15,13,,1,7,72,59,41,12,92,130,59,28,105,19,44,30,16,73
22-Oct-13,1,31,16,3,8,54,61,23,29,15,4,0,,2,1,33,35,10,6,65,27,18,2,79,7,30,12,6,28
22-Oct-13,2,20,6,8,4,29,23,16,5,4,2,3,,0,0,19,13,4,0,27,27,13,9,59,7,19,15,3,15
22-Oct-13,3,15,10,2,5,20,17,6,12,6,3,2,,0,0,19,8,8,1,30,11,9,3,19,2,18,1,3,20
22-Oct-13,4,18,12,1,10,29,32,9,7,3,4,0,,0,0,20,25,25,27,17,34,13,0,29,5,4,9,4,28
22-Oct-13,5,21,68,24,95,42,71,27,16,20,55,10,,6,28,86,118,75,18,73,136,143,46,43,54,8,8,8,102
22-Oct-13,6,87,209,167,686,201,173,77,88,98,374,103,,27,119,271,411,227,83,106,466,617,157,91,187,32,7,48,245
22-Oct-13,7,285,803,851,2492,353,545,312,322,421,1542,204,,113,311,939,1135,569,262,305,1382,2205,523,130,468,75,68,92,830
22-Oct-13,8,726,1676,1743,5292,946,1085,799,634,886,2972,292,,155,486,1531,2417,1087,276,543,2518,3543,982,290,741,208,132,185,1463
22-Oct-13,9,587,978,857,2312,800,1142,818,745,868,1380,197,,42,226,994,1174,449,131,672,1520,1953,600,282,430,173,194,144,744
22-Oct-13,10,600,606,502,950,905,1399,994,1101,997,473,100,,38,106,720,655,299,162,694,1480,1217,393,379,294,36,232,166,738
22-Oct-13,11,867,561,416,748,1323,1841,1415,1493,1312,383,149,,39,173,859,796,352,82,1011,1575,994,328,502,378,81,346,187,687
22-Oct-13,12,1651,1287,655,1086,2341,2996,2785,2794,2348,1144,359,,126,549,1198,1495,504,181,1640,2320,1819,617,1135,665,994,742,275,922
22-Oct-13,13,1799,1282,703,1284,2476,3309,3101,3118,2217,958,301,,139,396,1178,1558,493,262,1615,2619,1803,477,1122,560,1201,622,257,882
22-Oct-13,14,1487,647,501,933,2146,2830,2185,2300,1628,543,130,,52,159,1084,1141,410,102,978,2271,1299,369,764,502,634,459,203,724
22-Oct-13,15,1170,598,637,1477,1876,2606,1882,2261,1233,661,105,,23,151,986,1107,559,98,620,2326,1528,370,634,557,586,317,146,725
22-Oct-13,16,1513,824,1153,3389,1773,2491,1789,2004,1052,1595,182,,27,263,1422,1168,755,73,400,2516,2779,616,703,577,595,308,149,985
22-Oct-13,17,1805,1279,1872,5098,1873,2501,1995,1988,1028,2298,245,,50,573,2201,1995,1513,247,415,3007,3796,814,769,749,757,352,177,1451
22-Oct-13,18,1420,823,837,2199,1789,1896,1547,1108,658,953,207,,51,341,1529,1084,779,263,372,2304,1975,419,803,402,705,505,143,1068
22-Oct-13,19,895,482,326,757,1247,1093,810,462,313,313,104,,15,94,751,537,309,261,290,1431,883,212,577,174,569,503,101,408
22-Oct-13,20,756,241,127,320,1247,825,479,240,192,100,66,,20,45,509,391,198,121,220,1012,474,160,433,101,401,387,68,320
22-Oct-13,21,458,139,104,141,843,672,325,222,179,83,74,,10,26,459,422,205,26,215,813,357,128,389,84,318,351,82,304
22-Oct-13,22,310,100,55,71,702,445,267,145,116,61,51,,9,17,356,247,138,20,122,697,240,55,315,85,321,250,56,243
22-Oct-13,23,195,88,42,49,351,317,153,93,72,32,13,,3,13,296,203,149,530,110,489,124,30,178,63,159,137,30,125
23-Oct-13,0,76,48,10,15,110,144,63,48,19,6,14,,1,3,76,78,54,7,50,159,34,24,113,6,87,74,10,62
23-Oct-13,1,43,17,6,14,74,53,18,28,13,4,2,,0,4,29,31,12,1,44,38,10,12,92,9,32,22,7,23
23-Oct-13,2,19,4,4,4,26,49,15,11,7,1,2,,0,1,9,10,7,20,37,35,9,9,28,6,27,11,9,8
23-Oct-13,3,14,16,5,5,18,40,11,13,5,2,2,,0,1,26,14,7,3,30,35,4,1,17,3,7,32,0,22
23-Oct-13,4,15,11,0,2,27,33,11,13,11,7,3,,0,3,32,29,46,12,25,31,20,2,30,9,7,6,8,30
23-Oct-13,5,20,82,20,95,62,95,33,19,25,46,6,,2,32,93,97,63,11,45,130,153,31,22,52,14,6,10,97
23-Oct-13,6,76,231,184,700,211,199,90,103,137,389,80,,21,90,303,450,208,69,69,499,651,155,90,207,30,16,32,251
23-Oct-13,7,331,874,880,2403,373,518,281,278,418,1482,200,,78,257,821,1087,466,161,196,1319,1950,488,128,366,58,61,71,719
23-Oct-13,8,780,1758,1740,5743,822,1197,691,685,935,2996,295,,99,463,1510,2285,965,241,377,2601,3619,929,259,602,222,119,210,1297
23-Oct-13,9,666,1022,1000,2942,774,1179,816,844,809,1221,165,,23,173,989,974,349,146,396,1551,1826,575,242,295,151,115,108,733
23-Oct-13,10,671,658,444,862,1050,1413,1051,1004,1134,463,143,,23,92,737,796,280,115,413,1397,1172,408,394,225,216,263,79,553
23-Oct-13,11,967,505,479,822,1350,1970,1553,1466,1384,468,127,,43,191,891,777,234,148,497,1481,1162,373,453,300,444,302,105,742
23-Oct-13,12,1365,1233,635,982,2205,2864,2583,2723,2272,1078,297,,66,390,1253,1457,413,207,943,2346,1718,554,986,475,692,560,152,1071
23-Oct-13,13,1568,1140,633,1176,2244,3100,2865,3144,2274,936,229,,60,428,1311,1432,358,175,787,2429,1714,588,1079,368,724,551,136,893
23-Oct-13,14,1272,673,482,1066,1823,2663,2069,2296,1575,456,143,,10,162,1204,935,413,127,494,2126,1294,372,761,321,656,429,129,827
23-Oct-13,15,1396,553,504,1324,1934,2613,1873,2149,1344,705,152,,19,156,1111,1028,431,67,451,2121,1676,383,724,359,519,318,128,894
23-Oct-13,16,1558,688,938,2660,1808,2559,2077,2086,1231,1631,226,,27,240,1385,1228,599,143,423,2605,2704,471,689,454,564,369,161,1180
23-Oct-13,17,2100,1261,1498,3823,2345,2817,2307,2098,1194,2621,267,,106,511,2026,2066,1136,284,500,3419,3705,601,936,765,710,490,152,1665
23-Oct-13,18,1830,820,757,1527,2275,2225,1807,1285,722,1056,197,,95,330,1576,1239,667,398,399,2580,1904,350,962,592,838,665,133,1317
23-Oct-13,19,1293,1009,275,534,1926,1478,1134,598,440,338,124,,110,167,1006,766,366,586,330,1784,1052,188,853,334,744,757,106,795
23-Oct-13,20,1015,229,140,296,1687,1206,574,378,254,162,86,,61,66,751,631,269,284,312,1372,498,163,730,186,636,608,126,444
23-Oct-13,21,709,170,135,157,1332,895,462,315,246,93,47,,32,51,735,575,251,50,201,964,365,93,552,133,495,483,64,658
23-Oct-13,22,441,229,88,105,885,592,297,212,113,67,51,,23,36,526,450,219,52,183,785,328,74,443,127,329,360,40,352
23-Oct-13,23,233,352,66,89,492,384,210,137,77,31,22,,12,12,387,213,142,649,111,562,178,55,295,71,173,158,39,150
24-Oct-13,0,112,99,14,28,172,179,129,47,22,5,11,,2,0,96,89,50,7,100,169,43,27,172,29,72,120,22,56
24-Oct-13,1,30,26,4,9,59,47,38,17,12,3,0,,0,1,43,20,9,4,59,39,10,7,73,7,45,35,12,31
24-Oct-13,2,18,10,2,9,43,30,14,14,2,4,0,,0,0,16,11,1,2,44,17,15,13,54,3,35,20,3,11
24-Oct-13,3,20,10,6,3,17,27,5,17,3,2,0,,0,0,40,24,15,3,30,34,7,2,70,2,27,11,4,20
24-Oct-13,4,15,3,2,0,17,32,6,6,0,6,0,,0,2,23,32,34,7,28,32,16,6,22,7,5,2,1,28
24-Oct-13,5,17,71,19,77,73,63,16,15,21,48,15,,7,20,79,96,57,9,64,139,146,29,45,47,9,9,18,112
24-Oct-13,6,78,263,165,657,185,210,82,91,137,399,69,,24,118,277,457,226,111,143,463,718,136,110,252,34,21,33,275
24-Oct-13,7,339,773,826,2330,357,452,321,305,390,1473,208,,93,270,797,1131,478,280,289,1378,1999,492,163,365,62,62,91,820
24-Oct-13,8,815,1671,1640,5138,863,1086,729,650,865,2928,336,,179,511,1493,2288,1053,428,527,2521,3415,939,352,682,209,153,151,1746
24-Oct-13,9,607,972,868,2335,902,1287,847,787,921,1360,230,,55,243,943,1121,424,387,609,1707,1734,612,294,468,199,111,127,1085
24-Oct-13,10,737,613,431,889,872,1573,1225,1240,1234,443,151,,39,128,868,741,386,247,739,1522,1195,448,369,361,274,241,200,891
24-Oct-13,11,978,634,502,774,1300,1921,1598,1712,1462,441,129,,31,169,999,923,513,188,1016,1622,1067,372,480,428,405,344,183,994
24-Oct-13,12,1578,1319,694,1066,2185,3134,2834,2984,2478,1223,336,,111,547,1465,1724,523,230,1690,2304,1902,633,1080,568,674,726,265,1225
24-Oct-13,13,1630,1234,695,1146,2337,3310,3223,3256,2272,992,294,,220,409,1365,1548,447,178,1449,2522,1771,548,1127,478,734,703,235,1158
24-Oct-13,14,1660,733,491,951,2216,2798,2507,2593,1774,532,166,,89,157,1464,1198,484,147,1020,2395,1299,384,785,412,692,442,204,1075
24-Oct-13,15,1633,592,594,1184,2177,2887,2389,2416,1547,733,150,,47,188,1243,1155,542,120,694,2509,1720,398,754,512,617,460,153,952
24-Oct-13,16,1714,715,947,2353,2197,2940,2342,2398,1427,1652,214,,49,267,1571,1453,678,139,589,2789,2730,483,898,557,636,436,162,1416
24-Oct-13,17,2186,1178,1545,3693,2488,3031,2798,2430,1330,2753,272,,161,564,2336,2254,1262,339,571,3481,3730,673,1143,884,838,530,157,2153
24-Oct-13,18,1904,722,779,1468,2497,2845,2301,1885,870,1029,182,,90,359,2672,1336,706,261,424,2601,1896,387,1104,570,833,732,165,2652
24-Oct-13,19,1296,438,317,507,2012,1998,1453,1035,443,361,135,,56,135,1326,880,372,96,356,1900,979,301,947,236,754,765,104,1348
24-Oct-13,20,1057,323,139,308,1779,1571,959,596,269,155,53,,54,87,714,625,265,55,293,1363,555,189,805,149,663,630,87,505
24-Oct-13,21,830,211,123,126,1482,1301,647,399,254,116,58,,19,54,812,545,237,27,251,1117,419,127,699,136,523,651,107,765
24-Oct-13,22,452,169,98,116,1175,790,393,214,176,67,45,,15,39,570,402,204,34,169,901,293,172,596,89,379,424,56,487
24-Oct-13,23,298,95,50,70,598,747,207,135,98,33,40,,19,11,307,259,159,15,133,510,169,112,423,72,177,454,50,253
25-Oct-13,0,118,33,18,37,280,259,115,38,43,9,10,,0,9,130,113,55,28,131,201,40,30,279,20,152,354,19,93
25-Oct-13,1,56,24,4,14,161,142,58,46,28,4,9,,0,4,68,47,24,3,82,70,20,24,189,11,67,52,21,32
25-Oct-13,2,65,6,0,7,80,63,37,23,18,4,1,,1,4,44,50,30,2,59,41,16,27,200,12,48,29,14,34
25-Oct-13,3,37,13,10,7,69,65,18,16,6,4,0,,3,0,35,35,18,1,24,57,12,14,195,4,27,67,5,21
25-Oct-13,4,13,15,4,6,20,56,13,8,6,6,3,,3,1,26,22,25,8,29,30,12,7,88,7,10,17,7,32
25-Oct-13,5,22,56,27,74,57,91,26,19,22,39,14,,3,23,85,113,79,10,70,129,143,34,59,48,13,8,18,103
25-Oct-13,6,79,234,176,661,187,202,77,93,115,387,60,,21,114,292,474,261,89,147,564,602,119,107,215,33,35,42,282
25-Oct-13,7,296,752,791,2152,355,550,328,286,401,1310,208,,88,318,791,1138,495,198,336,1355,1871,443,172,435,65,53,129,777
25-Oct-13,8,741,1588,1655,4775,868,1212,678,696,907,2847,328,,141,447,1479,2186,1046,268,603,2443,3337,958,287,893,200,164,163,1400
25-Oct-13,9,693,894,931,2279,959,1402,966,849,1104,1227,200,,66,195,928,1149,443,162,758,1739,1769,605,302,847,219,164,193,982
25-Oct-13,10,757,635,525,934,1132,1740,1384,1388,1279,528,173,,60,133,952,923,380,186,964,1727,1259,396,461,855,320,309,219,733
25-Oct-13,11,1129,695,465,721,1526,2418,1971,1906,1675,553,194,,84,208,1104,1098,438,142,1080,1831,1246,433,584,782,524,478,247,999
25-Oct-13,12,1858,1485,770,1209,2606,3283,3095,3205,2640,1350,408,,135,623,1558,2008,645,282,1874,2595,2106,578,1357,1305,973,841,255,1246
25-Oct-13,13,1857,1312,696,1101,2659,3692,3552,3762,2788,1009,336,,140,514,1586,1909,558,242,2172,2755,1869,539,1370,1004,953,788,276,1276
25-Oct-13,14,1801,772,540,903,2388,3191,2613,2696,1991,624,174,,142,218,1505,1519,545,188,1493,2537,1601,388,898,885,730,567,233,1224
25-Oct-13,15,1671,632,613,1279,2195,3237,2802,2835,1731,763,180,,36,192,1408,1333,591,128,1078,2660,1809,493,872,762,743,522,249,1236
25-Oct-13,16,1779,771,990,2278,2338,3246,2892,2943,1765,1724,355,,72,358,1690,1703,872,147,802,2912,2918,536,876,1019,722,511,234,1348
25-Oct-13,17,2208,1191,1383,3225,2829,3616,3347,3235,1611,2303,381,,117,620,2299,2435,1233,315,568,3553,3455,571,1136,995,1026,657,184,1729
25-Oct-13,18,2048,727,625,1255,2851,3162,2859,2480,1143,886,318,,177,436,1779,1466,737,294,463,2622,2085,405,1271,1056,1138,901,140,1381
25-Oct-13,19,1727,806,312,507,2651,2680,2197,1647,831,352,227,,100,213,1602,1192,473,460,367,2130,1162,251,1135,542,1186,1103,115,1354
25-Oct-13,20,1385,475,156,229,2379,2175,1559,1272,495,152,87,,71,112,1034,875,277,283,354,1605,608,205,1105,427,1015,1146,135,481
25-Oct-13,21,1232,323,162,153,2410,1964,928,675,319,169,185,,137,165,1237,822,381,43,293,1411,832,221,1118,383,997,850,77,890
25-Oct-13,22,923,224,159,168,1933,1423,563,394,280,111,115,,58,52,1126,698,312,44,282,1278,405,133,1048,247,850,976,70,672
25-Oct-13,23,692,306,137,103,1396,1434,382,339,223,63,102,,55,37,862,618,300,710,232,1168,321,112,895,227,616,615,60,459
26-Oct-13,0,348,202,72,42,957,752,256,264,126,41,60,,17,19,515,387,211,30,210,761,159,55,735,133,404,456,57,206
26-Oct-13,1,197,57,32,33,490,353,133,106,83,16,20,,14,9,238,215,91,7,138,386,86,43,525,53,281,277,37,81
26-Oct-13,2,99,8,16,14,256,264,67,100,51,10,14,,5,5,114,134,59,9,110,268,32,28,371,27,100,181,10,67
26-Oct-13,3,78,24,11,11,158,147,62,81,43,8,20,,13,2,95,60,56,3,85,148,21,18,294,36,106,149,16,33
26-Oct-13,4,60,17,12,16,102,93,32,29,19,15,2,,0,4,36,68,47,5,99,79,45,5,193,13,48,56,11,38
26-Oct-13,5,42,20,24,12,86,88,21,24,20,12,12,,2,6,66,47,52,3,86,115,50,18,106,27,27,46,17,57
26-Oct-13,6,36,69,16,11,101,131,46,42,43,43,44,,6,36,69,99,80,27,128,210,172,56,116,94,34,24,24,56
26-Oct-13,7,100,94,45,36,201,179,82,91,95,75,46,,26,53,154,334,126,122,290,325,351,75,111,224,49,43,90,117
26-Oct-13,8,213,145,72,66,299,450,286,296,289,151,85,,48,71,355,365,162,182,513,618,580,149,120,251,67,67,130,245
26-Oct-13,9,399,196,145,69,652,942,733,770,690,132,121,,43,136,581,641,283,232,808,1009,692,212,228,659,166,143,227,433
26-Oct-13,10,668,296,129,80,833,1530,1269,1350,1045,193,91,,76,144,803,854,346,152,1316,1414,780,232,413,1092,288,226,297,565
26-Oct-13,11,1143,325,203,102,1400,2173,1928,2096,1331,177,132,,93,194,1100,1096,447,235,1493,1663,873,222,526,1007,501,486,377,785
26-Oct-13,12,1482,372,160,78,2097,2771,2587,2747,1587,180,107,,117,199,1252,1187,505,252,1807,2025,869,166,719,1275,811,636,377,968
26-Oct-13,13,1686,407,204,122,2572,2813,2964,2915,1699,176,83,,111,183,1554,1195,476,335,1743,2217,781,182,843,1362,937,618,399,1323
26-Oct-13,14,1742,348,194,73,2635,3139,3113,3266,1624,139,97,,98,237,1553,1334,545,345,1633,2338,869,165,968,1414,928,629,352,1024
26-Oct-13,15,1916,346,227,84,2710,3173,3543,3387,1720,94,89,,83,180,1738,1338,643,330,1233,2459,918,156,962,1247,925,530,275,1212
26-Oct-13,16,1770,323,228,99,2511,3098,3087,3236,1461,131,107,,142,179,1625,1409,626,397,614,2364,881,206,1029,1243,819,479,158,1207
26-Oct-13,17,1786,487,172,47,2466,2854,2531,2272,880,133,107,,192,149,1565,1233,656,300,512,2355,848,176,996,1008,875,661,139,1138
26-Oct-13,18,1362,477,160,66,2457,2313,1959,1255,526,164,89,,150,129,1625,1274,577,336,391,2133,822,177,992,923,923,790,155,1307
26-Oct-13,19,1389,383,175,63,2274,1861,1169,641,487,156,110,,213,90,1991,1250,486,655,348,1975,567,232,1059,307,1192,1068,127,1494
26-Oct-13,20,1094,346,120,78,2145,1542,520,426,358,83,77,,223,46,1362,866,349,443,309,1591,409,196,1067,210,894,907,74,659
26-Oct-13,21,986,215,127,47,1774,1397,459,366,255,64,72,,113,54,1847,884,351,135,302,1544,324,112,924,286,804,832,66,1170
26-Oct-13,22,918,237,139,60,1865,1590,430,448,328,92,53,,55,39,1629,790,389,94,234,1463,326,155,1111,209,751,845,76,1108
26-Oct-13,23,612,190,99,49,1560,1113,357,401,237,74,99,,44,31,1026,615,415,864,211,1185,363,145,1019,191,553,757,78,440
27-Oct-13,0,345,136,54,46,1040,979,267,223,152,40,93,,44,12,728,470,303,57,177,931,214,101,938,167,397,509,42,397
27-Oct-13,1,270,78,46,39,636,593,161,188,117,27,15,,7,13,348,294,114,27,153,497,81,60,1290,131,273,460,56,112
27-Oct-13,2,156,44,38,21,330,467,187,190,82,8,9,,7,9,338,233,90,8,159,466,38,41,963,78,278,336,35,158
27-Oct-13,3,113,29,28,19,195,341,139,158,57,9,9,,0,5,202,156,71,22,125,309,39,24,621,44,110,186,21,97
27-Oct-13,4,35,28,22,16,66,167,50,72,25,16,21,,1,4,50,53,37,1,92,140,45,42,283,24,40,111,6,49
27-Oct-13,5,55,13,4,16,87,101,33,49,26,11,5,,2,9,59,43,33,11,59,58,31,26,183,30,29,30,6,75
27-Oct-13,6,32,29,20,7,68,106,41,33,34,21,5,,10,15,80,55,42,22,55,114,77,49,87,50,12,23,19,128
27-Oct-13,7,92,59,31,21,132,165,80,62,66,23,30,,16,56,145,96,107,73,161,236,220,60,71,100,24,24,42,195
27-Oct-13,8,177,143,55,39,292,300,152,184,204,77,27,,71,72,278,212,751,696,343,454,346,84,128,210,67,58,89,351
27-Oct-13,9,371,190,104,63,581,741,566,515,526,101,41,,198,120,523,536,717,678,624,871,515,173,172,570,110,126,100,617
27-Oct-13,10,656,234,154,84,793,1304,1005,1130,734,83,83,,335,153,1039,816,823,575,900,1194,704,240,348,899,313,286,229,1232
27-Oct-13,11,992,278,135,89,1248,1867,1554,1765,1121,102,78,,435,233,1473,1002,501,290,1219,1434,598,189,531,1216,517,513,322,1617
27-Oct-13,12,1529,348,170,77,1988,2212,2156,2261,1226,116,120,,494,220,1638,1196,508,336,1551,1790,709,238,605,1468,736,658,390,1703
27-Oct-13,13,1848,330,159,72,2525,2586,2528,2569,1252,137,153,,523,216,1929,1260,567,380,1782,1990,661,224,770,1642,950,693,404,2041
27-Oct-13,14,1765,324,147,74,2605,2836,2812,2821,1392,84,87,,676,220,2012,1349,658,417,1626,2110,626,209,940,1677,898,583,354,2194
27-Oct-13,15,1810,328,131,98,2366,2693,2752,2606,1219,130,76,,476,232,1984,1406,724,348,1273,2190,664,240,814,1544,889,558,292,1994
27-Oct-13,16,1635,288,208,73,2160,2740,2458,2454,1045,122,63,,395,224,1793,1310,722,245,738,2302,771,160,942,1197,811,556,174,1667
27-Oct-13,17,1666,270,133,47,2200,2293,1862,1621,593,113,62,,406,191,1251,1110,637,248,412,2167,727,177,1061,937,816,496,116,1016
27-Oct-13,18,1257,316,110,52,1816,1683,1262,790,310,158,78,,174,170,1125,838,475,160,351,1631,485,161,747,600,727,741,93,759
27-Oct-13,19,997,254,85,43,1712,1437,834,429,286,72,67,,105,81,911,744,336,86,288,1351,406,142,757,338,764,668,88,450
27-Oct-13,20,769,168,41,57,1406,1052,470,295,152,73,58,,124,44,656,618,261,37,265,1046,273,129,701,153,599,484,78,279
27-Oct-13,21,586,147,26,59,1186,817,301,202,146,56,59,,51,27,494,512,216,15,220,921,268,98,578,149,441,371,64,181
27-Oct-13,22,384,87,17,33,735,645,193,172,117,43,37,,30,15,311,337,179,19,146,567,185,89,487,114,307,217,32,123
27-Oct-13,23,150,48,30,36,435,389,131,86,51,23,20,,18,5,197,195,171,12,109,428,146,59,241,65,149,93,24,56
28-Oct-13,0,115,19,8,21,218,122,70,34,22,4,13,,21,1,79,106,49,1,77,157,26,16,217,21,96,47,13,41
28-Oct-13,1,45,7,1,11,59,58,26,19,8,1,12,,5,2,54,49,21,5,37,36,17,11,92,13,54,23,5,27
28-Oct-13,2,37,7,3,4,37,28,11,15,8,3,0,,1,1,20,16,2,0,38,22,5,18,75,12,28,13,3,17
28-Oct-13,3,31,15,2,6,16,30,7,8,7,3,1,,1,1,40,32,14,2,16,30,2,3,89,3,9,26,4,36
28-Oct-13,4,19,13,2,7,16,33,9,7,15,3,7,,1,2,40,14,25,49,27,26,5,4,59,15,6,2,7,28
28-Oct-13,5,21,71,19,79,55,65,19,18,20,46,22,,2,21,100,74,60,10,42,101,145,37,22,73,7,7,5,102
28-Oct-13,6,74,210,183,658,160,188,60,82,90,363,80,,19,125,299,282,186,98,85,505,616,135,83,256,26,21,27,294
28-Oct-13,7,297,752,777,2258,384,488,264,259,349,1396,198,,92,315,819,1004,476,245,201,1392,1929,443,140,413,64,57,60,829
28-Oct-13,8,730,1649,1646,5205,898,1108,678,607,802,3002,290,,177,500,1503,2285,1082,285,426,2483,3407,900,307,681,196,133,135,1403
28-Oct-13,9,591,988,840,2249,748,1305,818,866,897,1292,287,,58,194,860,1184,428,144,437,1635,1707,565,308,423,167,141,92,783
28-Oct-13,10,729,560,497,952,1020,1668,1194,1350,1134,459,190,,89,123,898,848,278,104,430,1681,1159,394,335,397,341,276,87,739
28-Oct-13,11,943,577,434,788,1438,2283,1688,1789,1468,451,178,,30,182,931,909,377,90,603,1723,1128,402,489,351,407,347,109,726
28-Oct-13,12,1292,1331,631,1125,2192,3178,2718,3058,2316,976,250,,38,347,1230,1388,449,179,841,2193,1792,501,1008,439,737,572,116,971
28-Oct-13,13,1620,1151,657,1235,2397,3309,2949,3369,2446,926,234,,119,334,1328,1385,413,145,800,2361,1623,516,1125,529,760,597,138,1094
28-Oct-13,14,1581,683,491,847,2176,2883,2411,2470,1746,514,176,,122,180,1314,1268,506,180,599,2393,1275,443,774,546,697,467,109,1174
28-Oct-13,15,1538,597,559,1204,2131,2868,2121,2258,1495,756,158,,71,196,1298,1165,549,174,478,2535,1490,400,790,698,663,380,114,1059
28-Oct-13,16,1756,704,909,2408,2170,2870,2065,2287,1355,1787,223,,89,245,1467,1503,709,249,522,2857,2596,421,848,734,670,416,118,1410
28-Oct-13,17,2042,1210,1696,3817,2225,2872,2207,2002,1353,2718,288,,190,643,2306,2285,1308,664,536,3623,3644,646,903,1238,744,440,179,2015
28-Oct-13,18,1484,807,783,1538,1966,2079,1655,1130,659,1130,248,,145,375,1617,1385,810,756,378,2533,1884,345,811,842,658,525,145,1177
28-Oct-13,19,944,353,258,538,1547,1546,873,537,377,348,96,,39,120,834,787,370,288,317,1650,810,165,676,259,633,446,119,499
28-Oct-13,20,652,323,144,253,1150,965,497,321,237,143,70,,8,45,572,487,221,33,230,1097,441,149,481,266,452,344,76,389
28-Oct-13,21,498,168,72,130,977,719,355,160,176,87,65,,24,49,502,446,241,82,192,873,302,88,360,147,349,317,56,321
28-Oct-13,22,309,94,55,80,701,359,233,141,108,55,67,,11,28,393,333,162,105,147,694,204,43,291,121,233,172,30,268
28-Oct-13,23,184,78,20,44,344,278,126,97,59,29,39,,6,15,279,191,126,470,107,433,107,20,190,60,114,92,16,106
29-Oct-13,0,75,35,12,15,134,93,59,19,30,11,15,,0,2,91,80,46,12,92,127,28,20,122,16,135,49,25,28
29-Oct-13,1,39,12,0,9,70,55,20,52,10,0,4,,0,3,11,41,12,2,86,53,10,7,90,13,67,21,6,20
29-Oct-13,2,28,7,2,5,31,26,11,13,5,1,1,,3,0,28,14,7,0,30,26,4,3,30,4,24,6,6,13
29-Oct-13,3,8,6,0,6,23,22,2,3,5,0,0,,0,1,26,29,18,6,19,21,7,3,41,6,7,2,1,22
29-Oct-13,4,13,7,3,1,17,20,7,5,10,1,4,,0,0,25,17,18,25,27,17,21,0,29,8,4,3,5,28
29-Oct-13,5,15,75,26,88,49,58,10,21,19,48,17,,3,26,93,89,47,27,72,117,151,23,38,44,12,10,14,90
29-Oct-13,6,94,236,209,702,202,174,63,79,111,412,69,,34,122,325,377,221,138,160,493,681,137,104,232,33,15,31,297
29-Oct-13,7,291,841,859,2449,409,547,288,266,392,1479,223,,128,331,892,1099,507,259,335,1356,1953,492,150,451,89,51,89,841
29-Oct-13,8,754,1649,1749,5272,797,1009,628,598,885,3131,282,,193,510,1542,2471,1120,330,568,2493,3594,906,275,799,164,139,168,1389
29-Oct-13,9,694,914,847,2232,759,1251,735,838,884,1360,186,,74,194,1020,1136,400,149,644,1606,1629,508,319,391,176,158,148,1014
29-Oct-13,10,744,567,505,1560,991,1703,1063,1264,1170,451,197,,63,132,1078,848,338,154,907,1650,1285,473,391,399,276,220,167,937
29-Oct-13,11,1096,582,443,855,1465,2186,1505,1699,1412,428,135,,60,172,989,1003,321,140,1122,1848,1076,387,434,396,406,303,223,929
29-Oct-13,12,1695,1414,716,1081,2468,3029,2842,2968,2449,1167,325,,139,602,1479,1815,524,243,1938,2628,1835,667,1095,689,855,678,240,1202
29-Oct-13,13,1767,1287,720,1236,2392,3319,3044,3424,2479,1097,274,,185,507,1462,1793,571,329,1834,2775,1732,596,1147,739,911,681,298,1262
29-Oct-13,14,1614,797,477,864,2153,2885,2383,2697,1741,527,161,,102,196,1335,1314,530,293,1079,2502,1286,381,833,605,697,463,196,1147
29-Oct-13,15,1715,606,564,1203,2169,2782,2279,2446,1489,764,136,,73,198,1617,1268,565,199,675,2659,1505,437,788,652,668,419,198,1612
29-Oct-13,16,1811,673,938,2451,2105,2863,2305,2326,1299,1754,213,,98,305,1706,1727,782,284,536,2923,2845,525,828,776,624,402,153,1348
29-Oct-13,17,2000,1210,1670,3826,2359,3017,2431,2285,1326,2721,295,,165,622,2355,2587,1374,506,535,3412,3606,646,975,1097,718,475,160,2133
29-Oct-13,18,1547,712,766,1720,2221,2323,1810,1223,712,1144,163,,150,366,1747,1489,793,780,479,2634,1872,382,867,614,739,568,165,1404
29-Oct-13,19,1117,334,331,552,1667,1686,1053,506,457,387,107,,46,144,1083,823,323,384,361,1598,876,197,708,287,692,542,107,754
29-Oct-13,20,909,297,218,293,1517,1077,655,339,244,202,74,,64,68,804,718,304,84,340,1263,565,125,649,146,606,428,82,627
29-Oct-13,21,626,197,101,153,1186,970,464,247,229,113,71,,32,30,836,544,232,100,251,986,359,103,501,137,424,357,74,607
29-Oct-13,22,365,100,53,77,769,543,251,184,128,64,42,,24,19,470,356,196,92,147,771,231,57,370,78,266,246,40,320
29-Oct-13,23,223,85,40,53,484,390,131,61,41,34,23,,9,12,275,228,147,445,134,446,114,48,266,52,217,145,39,177
30-Oct-13,0,110,49,20,20,208,214,93,71,35,20,13,,6,9,117,133,65,15,75,164,33,28,145,72,108,78,13,58
30-Oct-13,1,44,33,1,13,87,75,38,24,8,3,4,,2,2,55,42,12,2,48,60,12,14,73,16,69,56,4,39
30-Oct-13,2,26,1,3,8,61,45,20,7,3,5,3,,1,0,24,18,13,25,53,20,4,10,28,24,35,31,11,22
30-Oct-13,3,29,5,0,7,32,43,7,35,5,1,4,,1,0,25,16,12,5,29,24,5,22,39,4,18,22,4,22
30-Oct-13,4,9,18,4,2,35,37,9,11,12,3,6,,0,0,34,22,31,8,21,25,10,4,45,8,7,8,1,34
30-Oct-13,5,27,64,20,99,61,64,27,16,15,47,13,,5,19,93,91,53,11,49,156,161,33,49,44,12,6,8,91
30-Oct-13,6,87,233,182,733,186,170,84,87,94,372,70,,39,122,340,471,236,105,80,506,681,140,92,233,28,34,30,291
30-Oct-13,7,293,772,884,2318,371,505,320,247,386,1480,207,,185,326,948,1117,509,306,249,1202,2008,497,150,434,56,70,68,820
30-Oct-13,8,736,1639,1739,5015,832,1076,685,698,854,2831,337,,215,538,1458,2411,1076,372,463,1980,3520,962,307,634,200,146,195,1403
30-Oct-13,9,640,956,787,2276,743,1257,909,796,968,1270,182,,65,206,1026,1137,442,211,394,1376,1728,522,263,366,185,137,117,1074
30-Oct-13,10,803,599,547,878,983,1639,1240,1330,1273,490,150,,77,155,834,807,374,189,536,1422,1318,422,380,388,296,229,96,705
30-Oct-13,11,967,755,480,769,1341,2256,1582,1686,1602,409,146,,117,198,1213,805,327,209,672,1474,1190,388,509,427,498,376,119,1302
30-Oct-13,12,1731,1292,865,1101,2325,3203,2922,3203,2521,1152,277,,201,595,1579,1733,623,420,1160,2298,1859,718,1092,616,826,703,154,1416
30-Oct-13,13,1791,1303,659,1317,2513,3526,3275,3741,2659,968,238,,219,486,1790,1657,625,315,1017,2591,1757,614,1162,688,757,633,172,1919
30-Oct-13,14,1666,787,539,867,2275,3202,2467,2702,1828,557,147,,176,235,1548,1262,579,239,692,2196,1291,373,867,614,663,401,129,1555
30-Oct-13,15,1570,603,619,1804,2150,2977,2408,2639,1543,766,180,,94,189,1650,1293,651,244,559,2504,1666,353,737,595,633,407,153,1561
30-Oct-13,16,1743,710,945,2631,2188,2976,2271,2458,1478,1675,249,,86,292,1855,1538,821,306,538,2805,2633,462,796,678,688,446,144,1465
30-Oct-13,17,2075,1149,1492,3724,2320,3123,2649,2442,1365,2566,292,,169,623,2432,2363,1375,597,612,3591,3602,612,975,1039,730,458,203,2225
30-Oct-13,18,1548,790,765,1583,2211,2225,2001,1359,708,1157,179,,159,396,1705,1397,865,861,628,2737,1779,422,972,638,805,637,170,1718
30-Oct-13,19,1250,368,280,606,1818,1478,1080,550,394,393,98,,81,130,1107,856,422,400,421,1620,922,213,742,307,681,637,118,1375
30-Oct-13,20,1042,269,161,297,1578,1206,561,404,250,155,62,,37,100,726,607,269,119,340,1316,533,167,600,182,560,419,60,393
30-Oct-13,21,673,161,91,149,1221,895,382,276,184,99,58,,37,66,812,509,281,88,199,988,342,84,472,138,547,406,67,1010
30-Oct-13,22,422,130,77,135,885,592,236,215,179,84,52,,24,34,630,457,241,102,163,754,272,83,364,109,311,267,46,777
30-Oct-13,23,229,89,47,59,462,384,135,94,91,24,11,,17,27,330,306,206,637,148,502,157,48,220,72,181,130,24,233
31-Oct-13,0,117,38,8,30,190,179,53,55,39,14,11,,2,3,116,79,57,16,91,141,40,27,146,19,109,70,30,100
31-Oct-13,1,66,19,8,7,95,47,37,38,15,1,8,,1,0,41,54,23,2,71,38,20,22,131,10,52,54,14,47
31-Oct-13,2,33,11,4,5,46,30,17,20,2,0,0,,1,0,13,17,9,16,42,26,3,3,47,10,33,22,3,15
31-Oct-13,3,34,10,0,1,26,27,5,16,8,1,3,,0,0,30,7,8,5,25,39,8,13,56,2,15,12,5,20
31-Oct-13,4,8,13,5,6,27,32,12,13,10,5,3,,1,1,58,16,21,6,29,30,13,4,83,12,6,5,8,32
31-Oct-13,5,20,71,10,94,69,63,21,23,14,43,17,,3,23,80,86,48,20,68,102,162,36,32,51,6,15,18,94
31-Oct-13,6,108,253,170,749,188,210,67,86,145,370,97,,28,129,333,423,227,112,132,486,681,120,78,184,41,20,33,277
31-Oct-13,7,311,808,884,2414,374,452,299,301,396,1539,220,,124,300,857,1175,564,235,365,1425,2014,478,168,433,70,60,78,821
31-Oct-13,8,719,1744,1791,5040,889,1086,760,637,914,2920,331,,193,537,1499,2257,1022,339,548,2386,3503,922,287,645,167,146,174,1428
31-Oct-13,9,577,962,794,2220,842,1287,861,789,892,1320,165,,71,176,1079,1157,441,143,614,1474,1723,516,291,426,186,191,167,1229
31-Oct-13,10,726,584,490,881,1011,1573,1081,1314,1308,545,223,,47,137,876,901,432,163,802,1525,1196,384,384,298,278,240,131,814
31-Oct-13,11,873,644,462,741,1279,1921,1693,1798,1484,513,195,,70,230,1167,983,415,131,1014,1724,1119,432,511,371,396,402,215,1228
31-Oct-13,12,1653,1409,708,1185,2350,3134,2956,3346,2469,1182,308,,135,601,1425,1952,645,225,1710,2538,1901,601,1131,558,700,629,271,1455
31-Oct-13,13,1854,1388,719,1374,2479,3310,3337,3813,2481,1055,335,,244,524,1676,1752,570,350,1686,2843,1816,599,1209,742,886,683,288,1770
31-Oct-13,14,1747,738,506,914,2114,2798,2348,2792,1907,606,215,,168,234,1433,1300,509,303,1086,2499,1348,424,812,545,657,493,218,1465
31-Oct-13,15,1752,669,605,1268,2090,2887,2430,2799,1499,815,202,,171,215,1383,1277,557,240,707,2741,1550,426,803,646,632,519,213,1403
31-Oct-13,16,1881,732,958,2355,2240,2940,2319,2679,1344,1691,248,,130,321,1747,1580,757,261,511,2992,2627,502,866,787,583,395,151,1488
31-Oct-13,17,2112,1134,1478,3765,2597,3031,2689,2710,1480,2548,360,,177,663,2482,2395,1376,432,515,3539,3632,665,1011,1097,773,499,195,2504
31-Oct-13,18,1677,708,761,1508,2366,2845,2360,2013,878,1038,159,,135,359,1759,1499,754,384,444,2667,1805,390,1007,695,833,597,159,1814
31-Oct-13,19,1271,411,299,551,2173,1998,1606,1110,434,331,141,,102,182,1337,965,439,149,356,1996,948,211,871,332,745,649,92,1537
31-Oct-13,20,1094,308,160,308,2180,1571,1048,725,271,148,112,,121,85,936,804,291,98,318,1573,520,156,708,256,670,606,126,600
31-Oct-13,21,797,276,112,148,1742,1301,653,380,255,119,84,,47,51,1209,681,249,42,291,1315,379,133,644,225,558,501,77,1334
31-Oct-13,22,525,221,105,118,1485,790,376,313,149,73,77,,46,41,729,552,247,29,183,945,290,90,562,106,450,498,62,653
31-Oct-13,23,359,101,44,81,928,747,195,184,94,54,24,,17,14,355,377,213,16,143,695,196,85,449,80,235,276,43,190
